time/time_elapsed,time/total_timesteps,rollout/ep_rew_mean,time/episodes,time/fps,rollout/ep_len_mean,train/loss,train/RL_loss,train/Beta,train/learning_rate,train/n_updates,train/Main_losses,train/critic_loss,train/actor_loss,train/critic_los,train/MSE_loss,train/MSE_losses
1,3334,-94.5295035,4,2032,833.5,,,,,,,,,,,
3,6688,-96.872968125,8,2025,836.0,,,,,,,,,,,
4,10032,-97.13075033333332,12,2022,836.0,,,,,,,,,,,
25,11809,-97.19523406249999,16,462,738.0625,9.422113418579102,0.8065698146820068,0.972,0.001,3334,7.9047788241330315,1.6269783250823178,0.9456328381510342,0.06550246477127075,8.863727569580078,7.159615215133218
30,13035,-94.74581935,20,427,651.75,7.234400749206543,1.1250274181365967,0.964,0.001,4016,8.073914312778559,2.504081734396377,1.317485651575533,0.2652626931667328,6.3375244140625,7.008743461809661
50,16976,-78.93325533333334,24,335,707.3333333333334,23.678449630737305,1.4498237371444702,0.956,0.001,6944,8.237364187008804,2.268074400794123,1.8288893542355962,0.16503550112247467,23.25170135498047,6.7034257716602745
72,18943,-76.7386695357143,28,262,676.5357142857143,12.331953048706055,1.929692029953003,0.948,0.001,10428,7.834527889887492,0.9764552907926021,2.1937048481959924,0.1817331463098526,10.972848892211914,5.950235210213006
80,20301,-74.953961875,32,250,634.40625,6.93396520614624,3.390679359436035,0.94,0.001,11760,7.732682957368739,0.7430460076852172,2.378036272292044,0.36621206998825073,3.7694530487060547,5.696432679307227
101,23474,-69.57156024999999,36,231,652.0555555555555,10.012334823608398,4.358667373657227,0.932,0.001,14870,8.313449696833347,0.591845864455532,2.837827184245366,0.26140886545181274,6.066166877746582,5.875131558219926
118,26974,-59.37971527499999,40,226,674.35,5.659175872802734,3.2931106090545654,0.924,0.001,17389,8.512835904859728,0.5191874748155956,3.1059657383349633,0.27363502979278564,2.5606768131256104,5.851590914110983
148,31323,-41.07729484090908,44,210,711.8863636363636,6.973978042602539,2.351092576980591,0.916,0.001,21901,7.280438722610474,0.5441219698190689,2.300061671920121,0.3832252025604248,5.046817779541016,5.43709280014038
180,36704,-18.578740354166666,48,203,764.6666666666666,7.488497734069824,2.463432788848877,0.908,0.001,26690,6.263292506654212,1.056046146309404,1.3770288159359625,0.7234691977500916,5.534212589263916,5.381347695140974
215,41776,-0.10182884615384598,52,194,803.3846153846154,3.512000560760498,-1.0688620805740356,0.9,0.001,31892,4.950874556476045,0.6557571540193535,0.2066435146144406,1.1283209323883057,5.089847564697266,5.271367966255716
248,46576,22.1167505,56,187,831.7142857142857,-1.492449164390564,-2.951070547103882,0.892,0.001,37001,2.885611303523183,0.5068283182983981,-1.5153597439633812,0.4630438983440399,1.635225772857666,4.933823934290558
279,51512,41.17536211666667,60,184,858.5333333333333,3.137218952178955,-1.0040373802185059,0.884,0.001,41650,1.6074649960555756,0.5047907055748982,-2.7623074502761504,0.6560952663421631,4.68467903137207,4.943181481172031
313,56383,58.083639140624996,64,180,880.984375,-1.0337891578674316,-2.783055067062378,0.876,0.001,46782,0.211285524986115,0.3850656432467838,-3.9349072788442885,0.25452592968940735,1.996878981590271,4.733096874532509
343,61148,72.84648201470588,68,178,899.2352941176471,-3.1190578937530518,-5.606016159057617,0.868,0.001,51377,-0.6350447236399948,0.4615551498969923,-4.800635263378367,0.5169776678085327,2.865159511566162,4.799067607401928
376,65064,80.39802830555556,72,173,903.6666666666666,-0.9442133903503418,-5.458815574645996,0.86,0.001,56467,-1.6352689427146732,0.6812364077275874,-5.830347586276954,0.14940062165260315,5.249537467956543,4.8779983546707655
399,68740,88.24247000000001,76,172,904.4736842105264,-4.88548469543457,-6.788416385650635,0.852,0.001,59956,-2.4809216697231617,0.8361693929844335,-6.453398283010994,1.752150058746338,2.233488082885742,4.6625312582340115
423,72995,99.530190975,80,172,912.4375,-4.619623184204102,-6.932211875915527,0.844,0.001,63571,-3.1601519992671063,0.6639562068827427,-6.9695362975916915,0.44624972343444824,2.7400341033935547,4.513488607799884
438,74610,95.7416476190476,84,170,888.2142857142857,-1.4348607063293457,-6.620141506195068,0.836,0.001,65915,-3.3914394886767276,0.9915744232816425,-7.437607155471552,0.3033812642097473,6.202488899230957,4.839913345751215
448,75995,91.59811927272727,88,169,863.5795454545455,-2.0123133659362793,-8.490107536315918,0.828,0.001,67479,-3.4078257390812263,0.8422978988765225,-7.302428779317371,0.7800534963607788,7.823422908782959,4.703626784148501
452,76592,84.25780072826088,92,169,832.5217391304348,-3.0991194248199463,-5.863748550415039,0.82,0.001,68080,-3.5511737315975433,1.3136999070295814,-7.4111047725231325,2.8093719482421875,3.3714990615844727,4.70723301067687
455,77065,76.92794563541668,96,169,802.7604166666666,-4.610405921936035,-7.662665843963623,0.812,0.001,68524,-3.639732714494069,0.6122703773259115,-7.300734376907348,0.8037052154541016,3.758941173553467,4.508622861901919
458,77500,70.40927009,100,168,775.0,-5.632364749908447,-9.264557838439941,0.804,0.001,68964,-3.5122406129483825,0.6638829585992627,-7.291991940251103,0.3652395009994507,4.517652988433838,4.701183129239966
462,78034,70.67061868,104,168,747.0,-5.344529151916504,-6.750689506530762,0.796,0.001,69450,-3.4036762606013906,0.7781404154092977,-7.18323346340295,0.44558945298194885,1.766533374786377,4.748187420946179
469,79143,73.02464925,108,168,724.55,-3.539031982421875,-7.613777160644531,0.788,0.001,70612,-3.3259552352958255,1.44846008438617,-7.324165291256374,0.2387734353542328,5.17099666595459,5.073870733380318
473,79682,73.43872956,112,168,696.5,-0.310760498046875,-6.124808311462402,0.78,0.001,71110,-3.1093673706054688,0.9782291570678353,-7.097382545471191,1.1320635080337524,7.453907489776611,5.112840137879053
476,80208,73.97785830000001,116,168,683.99,0.9844202995300293,-5.023007869720459,0.772,0.001,71643,-2.534088142712911,1.01786421649158,-6.874601833025614,2.9961800575256348,7.781642436981201,5.622426942984263
480,80760,73.76032375,120,168,677.25,-3.749709129333496,-4.81834077835083,0.764,0.001,72168,-3.7291942967308893,1.272274191180865,-7.036699332888165,2.370710849761963,1.3987325429916382,4.329195064211649
483,81189,70.18823905,124,167,642.13,-3.46882963180542,-6.178683757781982,0.756,0.001,72658,-3.3298569413331838,1.0886428074061292,-7.099253645310035,0.33708760142326355,3.584463357925415,4.9859745892194605
486,81692,69.04481282,128,167,627.49,-1.6384553909301758,-7.950577259063721,0.748,0.001,73106,-2.9564630424275116,1.7805236273325316,-6.78968472106784,0.2819027602672577,8.438665390014648,5.124627781849282
490,82234,68.01424048000001,132,167,619.33,-4.2097368240356445,-6.219812870025635,0.74,0.001,73690,-3.1740100670743874,1.4122782553787585,-6.662871532970005,2.3759942054748535,2.7163188457489014,4.714677611986796
493,82663,65.45997245000001,136,167,591.89,-2.607708692550659,-6.592482566833496,0.732,0.001,74127,-2.919780179073936,1.2741598983173785,-6.711406665935851,0.7049311399459839,5.443680286407471,5.179817666087234
496,83095,60.474070160000004,140,167,561.21,-6.23448371887207,-8.262595176696777,0.724,0.001,74549,-2.606939669240985,1.1771287706883058,-6.257137679217155,6.209087371826172,2.8012585639953613,5.041710083944755
499,83541,51.20996272,144,167,522.18,2.350130081176758,-4.663613319396973,0.716,0.001,75000,-3.5033108128441706,1.1125241825702015,-6.836600418444033,1.3603997230529785,9.795730590820312,4.6554322794631675
501,83882,38.055189350000006,148,167,471.78,-1.7338464260101318,-3.8192152976989746,0.708,0.001,75307,-3.2097914507894805,1.9704721280887945,-6.677877057682384,0.26541686058044434,2.9454362392425537,4.898425954760927
503,84175,25.18477641000001,152,167,423.99,-3.1774508953094482,-5.89619255065918,0.7,0.001,75667,-3.0344278111177334,1.6421909156967611,-6.722009883207433,2.1973209381103516,3.8839168548583984,5.267974469591589
505,84445,8.732530450000004,156,167,378.69,-2.6629228591918945,-7.080151081085205,0.692,0.001,75949,-3.323861393663618,1.1859971060328287,-6.813829627301958,0.7106844186782837,6.383277893066406,5.043306907018025
507,84750,-7.583231059999998,160,166,332.38,-5.494907855987549,-6.748712539672852,0.684,0.001,76238,-3.5567176043987274,1.3816211871802806,-6.466161286830902,0.6600754857063293,1.833047866821289,4.253572523593903
510,85110,-24.05934536,164,166,287.27,-4.855844497680664,-8.500344276428223,0.676,0.001,76615,-3.7840643548346184,1.4840102886611766,-6.890689167109403,0.5343538522720337,5.391272068023682,4.595598857124131
512,85517,-40.59067751,168,166,243.69,-7.133270740509033,-8.08951187133789,0.668,0.001,77015,-3.358426752716604,1.7728005505386908,-6.736400686129175,1.841111660003662,1.431498646736145,5.056847331499813
515,85964,-53.2866169,172,166,209.0,-4.018933296203613,-4.772134780883789,0.66,0.001,77406,-3.9975745322856495,1.7858378605176044,-7.2454216277345695,0.8704426288604736,1.1412140130996704,4.920980235363575
518,86426,-66.74725034,176,166,176.86,-7.044146537780762,-7.93737268447876,0.652,0.001,77913,-3.7511821073644303,1.3756601571166602,-7.07674064355738,0.9212905168533325,1.369978666305542,5.100549815332188
521,86797,-83.81418468,180,166,138.02,-3.5393192768096924,-5.037868022918701,0.644,0.001,78263,-3.7716725178253956,1.2883876222598403,-7.268892337114383,0.5604431629180908,2.326939105987549,5.430465664619055
523,87164,-89.11545421000001,184,166,125.54,-3.1813712120056152,-8.423727989196777,0.636,0.001,78638,-4.795288764912149,1.3352397592819256,-7.795444576636605,0.7561923265457153,8.24269962310791,4.717226225396861
526,87580,-93.76494895,188,166,115.85,-6.993979454040527,-8.553884506225586,0.628,0.001,79037,-4.68943724415519,1.416486677822766,-7.4812240080399945,0.781283974647522,2.4839248657226562,4.445520164749839
529,87965,-95.15858177,192,166,113.73,-3.7896556854248047,-6.0325798988342285,0.62,0.001,79444,-4.042904504414262,1.8158856189769248,-7.363978856596454,1.574808120727539,3.617619752883911,5.356571489366992
531,88375,-95.88573449000003,196,166,113.1,-2.0534303188323975,-5.631303787231445,0.612,0.001,79847,-3.9994776248931885,1.5097252038200344,-7.184531216110502,1.2900896072387695,5.846198558807373,5.204336053558758
534,88764,-96.70727625,200,166,112.64,-0.9016129970550537,-3.9562911987304688,0.604,0.001,80256,-4.54175577903616,1.3653195176658959,-7.488541566092392,0.8681222796440125,5.057414531707764,4.878784670911986
537,89321,-96.94453752000001,204,166,112.87,-3.9261038303375244,-6.881751537322998,0.596,0.001,80768,-5.086431008427083,1.4565252924518746,-7.980083744065101,0.9341839551925659,4.959140300750732,4.855121914078207
542,90249,-97.93524465,208,166,111.06,-2.788228750228882,-6.37791633605957,0.588,0.001,81416,-5.018977597544465,1.7419384344469142,-7.967752865598172,0.6960873603820801,6.104910850524902,5.014923967138121
557,92553,-92.79601620000001,212,165,128.71,-7.3229217529296875,-7.973830223083496,0.58,0.001,83736,-6.2770024836063385,1.651679096083656,-9.239805534482002,2.7764925956726074,1.1222560405731201,5.108281267434359
582,96196,-92.51034634000001,216,165,159.88,-6.120511531829834,-11.034603118896484,0.572,0.001,87509,-7.7892770764231685,1.6149013875797391,-10.619690211415291,1.02052903175354,8.591069221496582,4.948274496495724
593,97926,-90.12171376999999,220,164,171.66,-7.032657146453857,-10.099959373474121,0.564,0.001,89143,-8.647526169058137,1.7338931120821994,-11.456253070549424,0.8966957330703735,5.438478946685791,4.9800121376079876
611,100475,-84.24008769999999,224,164,192.86,-7.8562846183776855,-9.813456535339355,0.556,0.001,91931,-9.017648149524215,1.6468313006607034,-11.98830507492878,0.8285931348800659,3.5200936794281006,5.342908181382354
638,105279,-68.45337677,228,164,235.87,-11.15046215057373,-12.141491889953613,0.548,0.001,95768,-9.413225028028457,1.8079993005181634,-12.155433453843745,0.6924128532409668,1.8084490299224854,5.004030179419247
666,108895,-56.4464691,232,163,266.61,-11.238306045532227,-12.0720796585083,0.54,0.001,100183,-9.253937897294067,1.5679702602846677,-11.853305473346119,1.0487205982208252,1.5440258979797363,4.813643459548322
686,112000,-47.821239950000006,236,163,293.37,-8.80911922454834,-10.8723726272583,0.532,0.001,103225,-8.527814436619988,1.3971974826199962,-11.117203717008621,1.2097079753875732,3.8782951831817627,4.867273048263695
702,114722,-39.13907084,240,163,316.27,-6.405219078063965,-9.75778579711914,0.524,0.001,105533,-8.191049231423271,1.4121676858422565,-10.53084021218029,0.5337994694709778,6.398028373718262,4.465250036046829
713,116311,-35.57766536,244,163,327.7,-3.120298385620117,-4.800621032714844,0.516,0.001,107169,-7.578092384338379,1.394689991058807,-10.061113049767235,3.387483596801758,3.256439685821533,4.812055896628987
726,117797,-30.67854125,248,162,339.15,-7.948062419891357,-9.602120399475098,0.508,0.001,109223,-7.435841985613282,1.4441704336139891,-9.827739216430842,0.28685250878334045,3.2560195922851562,4.708458920319875
747,121968,-16.23297562,252,163,377.93,-8.164078712463379,-10.287410736083984,0.5,0.001,112348,-6.907355172799365,1.3850184003561243,-9.270443813635572,0.6085244417190552,4.246663570404053,4.726177285114924
768,124891,-4.55533706,256,162,404.46,-8.312430381774902,-9.542821884155273,0.492,0.001,115570,-6.455720396505462,1.5703985373386078,-8.917874433928066,0.6438857316970825,2.500795841217041,5.004378008759684
795,129028,11.908920329999999,260,162,442.78,-5.502659320831299,-6.890642166137695,0.484,0.001,119692,-6.339329616696227,1.1997204431066686,-8.610473910149405,0.5782355666160583,2.8677334785461426,4.692446927229564
818,132540,25.24329172,264,161,474.3,-4.569985866546631,-9.762877464294434,0.476,0.001,123066,-5.650523260552832,1.4005464484875507,-7.952444627183549,3.2853212356567383,10.909436225891113,4.83596916236776
845,136675,41.89615316999999,268,161,511.58,-2.5893375873565674,-6.140905857086182,0.468,0.001,127217,-5.710345255624495,1.296397563839371,-7.821309631565195,0.2696410119533539,7.5888214111328125,4.510607696963425
874,140970,58.74478923000001,272,161,550.06,-7.259113788604736,-10.733694076538086,0.46,0.001,131527,-5.596246001948931,1.108789880612786,-7.822298914355783,0.3276769816875458,7.553435325622559,4.83924535827654
894,144021,71.05278785,276,161,575.95,-2.693756103515625,-6.685561180114746,0.452,0.001,134510,-5.738417193251596,1.1515529601716659,-7.894499295194384,0.35934555530548096,8.831427574157715,4.770093205277349
923,148441,87.98529859000001,280,160,616.44,-5.251873016357422,-8.007637977600098,0.444,0.001,138937,-5.739926315333745,1.111250831287472,-7.838537109224764,0.3156866431236267,6.206676959991455,4.7266008129266845
949,152256,105.12571915000001,284,160,650.92,-6.16742467880249,-8.585046768188477,0.436,0.001,142902,-5.966619682669193,1.0931923999294135,-8.041293790724394,1.6122016906738281,5.545004844665527,4.758426964506228
976,156247,122.13312531999998,288,160,686.67,-2.8666062355041504,-5.158543586730957,0.428,0.001,146910,-5.789113636482546,0.9040336328659467,-7.8327025119412985,0.45398908853530884,5.35499382019043,4.774740375594222
1000,159946,139.30706676,292,159,719.81,-5.680473804473877,-6.393589973449707,0.42,0.001,150585,-5.881153944830538,0.9148271192062137,-8.021388596900234,0.7514097690582275,1.6978955268859863,5.095796968968429
1025,163821,156.35784015000002,296,159,754.46,-7.318684101104736,-8.637579917907715,0.412,0.001,154427,-6.192310673378883,1.0058755278983649,-8.09271658126344,0.23614796996116638,3.2012035846710205,4.612635757314398
1050,167458,173.34558104000004,300,159,786.94,-3.665118455886841,-6.7852959632873535,0.404,0.001,158162,-6.220697487873977,0.9415432083408932,-8.151795910181624,0.4976942539215088,7.723211288452148,4.779946438516124
1075,171336,189.75289548,304,159,820.15,-4.15151309967041,-5.840881824493408,0.396,0.001,161865,-6.670625026602494,1.0264301299970402,-8.490349395149632,0.8217369318008423,4.266082763671875,4.595263574248866
1099,174903,205.05651763999998,308,159,846.54,-7.104586601257324,-8.691679954528809,0.388,0.001,165560,-6.88396698847447,0.8737164510324903,-8.67413179260723,0.4877510666847229,4.0904459953308105,4.613826713896015
1122,178351,214.27903095999997,312,158,857.98,-9.15473461151123,-10.548467636108398,0.38,0.001,169023,-7.10394226368145,0.9003038241518693,-8.911326178954605,0.8416541814804077,3.667719602584839,4.756273511243765
1146,182017,229.98085054999999,316,158,858.21,-5.178606986999512,-7.217174053192139,0.372,0.001,172617,-7.3810422263055475,0.9000623135259317,-9.042878168184053,0.7249807119369507,5.480018138885498,4.467300834520808
1171,185855,243.83901467000004,320,158,879.29,-5.520721435546875,-8.611235618591309,0.364,0.001,176471,-7.489099714692554,0.8596994543743496,-9.201101880563076,0.10829505324363708,8.490423202514648,4.7033027665470035
1196,189572,254.15382449000003,324,158,890.97,-7.4358978271484375,-9.530263900756836,0.356,0.001,180220,-7.774259757689286,0.8315193880377347,-9.369762273620998,2.7100861072540283,5.883050918579102,4.481748550683579
1220,193206,254.70413372000002,328,158,879.27,-11.162503242492676,-12.188356399536133,0.348,0.001,183925,-8.099443048360396,0.7829300704127063,-9.753183497214804,0.27220022678375244,2.9478540420532227,4.752127864287824
1245,196875,258.89400888,332,158,879.8,-9.315932273864746,-11.200932502746582,0.34,0.001,187593,-8.248894441458914,0.9006443560658092,-9.851576146152285,3.346829414367676,5.544117450714111,4.713769689754203
1264,199829,263.46941652,336,157,878.29,-7.973722457885742,-8.308869361877441,0.332,0.001,190544,-8.56114926688168,0.8478195789589811,-10.121782728291432,0.135647714138031,1.0094785690307617,4.700703349682169
1286,202692,268.08389774000005,340,157,879.7,-10.582685470581055,-11.801790237426758,0.324,0.001,193906,-9.019747398409269,0.9110268531023944,-10.535452741955657,0.14487896859645844,3.762669563293457,4.678102904733921
1304,205831,279.35305339999996,344,157,895.2,-10.369296073913574,-10.89554214477539,0.316,0.001,196600,-9.204534591133914,0.9244738642687667,-10.711332331842451,0.3369864821434021,1.6653344631195068,4.768347037372305
1327,209296,291.09156282,348,157,914.99,-9.691727638244629,-10.559911727905273,0.308,0.001,199986,-9.604925545920496,0.9074502037240191,-10.956031327662261,0.4177023768424988,2.818779945373535,4.386707164865473
1350,212768,292.07924792,352,157,908.0,-12.087265014648438,-13.19338607788086,0.3,0.001,203526,-10.248725558347243,1.1455927340682337,-11.54760817155481,0.4331666827201843,3.6870718002319336,4.329608540802716
1371,215768,293.94417996,356,157,908.77,-12.009587287902832,-13.09738540649414,0.292,0.001,206631,-10.4898709272727,1.0582601568794057,-11.740454948309695,5.943325996398926,3.725337028503418,4.282822082717936
1392,219039,294.27194536999997,360,157,900.11,-10.485170364379883,-11.02993392944336,0.284,0.001,209802,-10.635075664745187,1.1002222164446172,-11.940167006456628,0.4019327461719513,1.9181830883026123,4.595391787166865
1410,221878,293.84482364,364,157,893.38,-6.668238162994385,-9.090666770935059,0.276,0.001,212641,-10.616763161772145,1.1511640143709758,-11.850226815461513,0.1254105269908905,8.776915550231934,4.46907143088372
1430,224770,290.41308652,368,157,880.95,-9.810994148254395,-11.051281929016113,0.268,0.001,215561,-10.900463072295041,1.0602272412088847,-12.09322739999319,0.39712443947792053,4.627939701080322,4.4506129852889735
1447,227366,285.98502951,372,157,863.96,-10.946296691894531,-11.46965503692627,0.26,0.001,218145,-11.215182783032551,1.1266838598579338,-12.315920788072361,0.15302824974060059,2.012915849685669,4.233607891281295
1463,229757,285.05648073,376,157,857.36,-12.900341987609863,-13.645263671875,0.252,0.001,220595,-10.980960033156656,1.206115899760215,-12.13730992813303,0.8808558583259583,2.9560372829437256,4.588690097359094
1481,232663,282.92877719000006,380,156,842.22,-10.674921035766602,-11.268805503845215,0.244,0.001,223425,-11.335913293710714,1.3225983517819178,-12.391312073833001,0.2212180197238922,2.4339535236358643,4.325404831848428
1502,235695,283.1065498699999,384,156,834.39,-10.53973388671875,-10.955230712890625,0.236,0.001,226544,-11.347783011324863,1.0773442711299173,-12.508764467340834,0.44222545623779297,1.760581612586975,4.91941291553543
1519,238015,277.66240139,388,156,817.68,-9.786423683166504,-12.71562671661377,0.228,0.001,229224,-11.51378151860904,1.212825162714657,-12.568967522291521,0.25334596633911133,12.847382545471191,4.628008801578532
1538,241273,277.73323296,392,156,813.27,-10.738019943237305,-12.24046516418457,0.22,0.001,232045,-11.789411410148897,1.238834991270404,-12.774219465996936,0.3536694049835205,6.829295635223389,4.4764002790877235
1559,244272,277.96275301,396,156,804.51,-12.75322437286377,-13.534943580627441,0.212,0.001,235092,-11.993002196257027,1.2196621724439791,-12.98876700725855,0.65632563829422,3.687354564666748,4.697003918012399
1579,247362,276.60567571,400,156,799.04,-13.967912673950195,-14.517470359802246,0.204,0.001,238169,-11.921037069181116,1.2497183106869902,-12.819647224291876,0.428536593914032,2.69390869140625,4.404951906462672
1597,250130,274.52549873000004,404,156,787.94,-14.228166580200195,-14.627211570739746,0.196,0.001,240944,-12.045571959564949,1.3420956445370884,-12.924789349023865,0.7070421576499939,2.0359418392181396,4.485803000207217
1617,253105,274.65227337,408,156,782.02,-12.61008071899414,-13.914918899536133,0.188,0.001,243947,-12.355180862396562,1.4370746138420971,-13.198914480083536,0.28816425800323486,6.940627098083496,4.487944955247059
1637,256242,276.57752471000003,412,156,778.91,-12.757935523986816,-13.02042007446289,0.18,0.001,247012,-12.350446275391503,1.4209685733454078,-13.196110866456756,5.615119457244873,1.4582479000091553,4.6981363263741835
1664,260184,272.61652168999996,416,156,781.67,-9.694931983947754,-10.698598861694336,0.172,0.001,250969,-12.398723727303583,1.2849196547793376,-13.229690676766474,1.1930497884750366,5.835274696350098,4.831203018008051
1688,263841,272.52521675,420,156,779.86,-11.147854804992676,-11.884464263916016,0.164,0.001,254692,-12.56365974744161,1.322347351020535,-13.35811113302039,8.051398277282715,4.491523265838623,4.844215610039928
1708,266964,272.68485823,424,156,773.92,-12.17418098449707,-12.925127029418945,0.156,0.001,257719,-12.693923315564215,1.2035905187094702,-13.420207242458915,0.47068262100219727,4.813753604888916,4.6556662518333125
1729,270027,271.36936870000005,428,156,768.21,-14.460936546325684,-15.71979808807373,0.148,0.001,260837,-12.855398880563131,1.2487203912037175,-13.556663743461051,0.6901326179504395,8.505820274353027,4.738275961904991
1749,273017,271.47305443,432,156,761.42,-13.470982551574707,-14.060718536376953,0.14,0.001,263865,-13.012287433900982,1.2633058526788152,-13.678308385641463,0.7711306810379028,4.212400913238525,4.757292331963623
1766,275172,267.45086197999996,436,155,753.43,-12.62821102142334,-13.146249771118164,0.132,0.001,266502,-13.131879311199336,1.04568705147551,-13.745869606964348,0.6469405889511108,3.924537181854248,4.651441829611165
1778,277061,262.20740415999995,440,155,743.69,-13.428008079528809,-13.758017539978027,0.124,0.001,268326,-13.258209384855677,1.441196207934227,-13.87039798205016,6.860349178314209,2.6613638401031494,4.937004596483512
1792,279550,260.6566984,444,155,737.19,-15.115485191345215,-15.93886661529541,0.116,0.001,270356,-13.621891576691535,1.6192471499496934,-14.177697616781892,1.6107903718948364,7.098118782043457,4.791431443671049
1812,282631,260.74592471,448,155,733.35,-14.318548202514648,-15.452662467956543,0.108,0.001,273434,-14.246523363074077,1.2539671498072362,-14.759187430450597,0.3018347918987274,10.501054763793945,4.746889357560689
1832,285641,262.09259056999997,452,155,728.73,-15.03901481628418,-15.523634910583496,0.1,0.001,276433,-14.700569864803766,1.427115774751941,-15.167761999713488,3.3945837020874023,4.8461995124816895,4.671921237276933
1848,288020,261.19945971000004,456,155,722.52,-14.84459114074707,-15.166013717651367,0.092,0.001,278839,-15.240321805921651,1.3767595487504691,-15.664044654975504,0.4572434425354004,3.4937238693237305,4.6056825892399935
1867,290344,256.91182464,460,155,713.05,-15.823236465454102,-16.460693359375,0.084,0.001,281853,-15.793782652470103,1.3863659196152107,-16.179408099717065,0.5077652931213379,7.588773727416992,4.59077863466172
1876,292330,253.7276646,464,155,704.52,-15.080451011657715,-15.227561950683594,0.076,0.001,283087,-15.964869213104247,1.3008767719527607,-16.30931809575934,0.34604668617248535,1.9356657266616821,4.532221988314077
1892,294544,251.29056499999996,468,155,697.74,-15.998035430908203,-16.084857940673828,0.068,0.001,285512,-16.24926408046001,1.4240655733222092,-16.579425146773055,0.4594961106777191,1.2767990827560425,4.8553094159912416
1909,297270,253.50960294999996,472,155,699.04,-17.425617218017578,-17.540006637573242,0.06,0.001,288090,-16.39806457095676,1.5309290461169662,-16.677355771594577,0.16922342777252197,1.9064958095550537,4.65485366632541
1929,300278,259.11651125000003,476,155,705.21,-16.380844116210938,-16.933719635009766,0.052,0.001,291106,-16.58598987770612,1.4110618152108818,-16.83978531818868,0.09746125340461731,10.632208824157715,4.880681413959992
1944,302088,253.39986220999995,480,155,694.25,-17.56675148010254,-17.62115478515625,0.044,0.001,293481,-16.73548733954336,1.0870769270787053,-16.94835797478171,1.1452221870422363,1.2364554405212402,4.83797038302702
1960,305043,253.33066016,484,155,693.48,-17.302976608276367,-17.37554931640625,0.036,0.001,295861,-16.787530126013795,1.4648540724737256,-16.949162302575072,0.5282034277915955,2.015918254852295,4.489782661946703
1979,307833,257.37222653000003,488,155,698.18,-18.194856643676758,-18.302644729614258,0.028,0.001,298683,-17.064625680928604,1.3862265631395851,-17.18566142131055,0.6486377120018005,3.849595308303833,4.322705909248311
1992,309790,250.5680652,492,155,685.17,-17.2923641204834,-17.34986686706543,0.02,0.001,300667,-16.833974950453815,1.692000002540343,-16.92972583770752,0.4287291169166565,2.8751814365386963,4.787543908988728
2006,311683,241.87503925000001,496,155,674.11,-17.72723388671875,-17.770601272583008,0.012,0.001,302862,-17.12318019254492,1.7847776826599548,-17.18041774329789,1.0282737016677856,3.613967180252075,4.76979503773768
2021,313895,237.23739377,500,155,665.33,-17.887611389160156,-17.912189483642578,0.004,0.001,305067,-17.21267829476831,1.5200702614912933,-17.23207285569951,0.5931270122528076,6.144444465637207,4.848649328883319
2039,317040,239.22056465999998,504,155,669.1,-15.883146286010742,-15.883146286010742,0,0.001,307879,-17.34481668720643,1.6364629598295626,-17.34481668720643,0.40200647711753845,2.733966588973999,4.689095656542729
2057,320109,239.06293446000004,508,155,670.04,-17.916744232177734,-17.916744232177734,0,0.001,310775,-17.44007046051447,1.5326451658997042,-17.44007046051447,0.9676558971405029,3.923521041870117,5.007575032790063
2075,322798,236.13762304,512,155,665.56,-18.4800968170166,-18.4800968170166,0,0.001,313629,-17.5085206948283,1.5854525339159296,-17.5085206948283,0.1741466224193573,2.379009962081909,4.834818417481393
2091,325350,237.26338994000002,516,155,651.66,-17.72836685180664,-17.72836685180664,0,0.001,316172,-17.55452044804891,1.562625845671101,-17.55452044804891,8.306266784667969,7.363870143890381,4.663440741518492
2105,327387,231.26939908999998,520,155,635.46,-18.470003128051758,-18.470003128051758,0,0.001,318431,-17.528828768626504,1.7608909313560663,-17.528828768626504,0.11679660528898239,4.516665935516357,4.516705844875263
2122,330220,231.26140142,524,155,632.56,-17.523456573486328,-17.523456573486328,0,0.001,321090,-17.539949039954923,1.5596452319870744,-17.539949039954923,0.266113817691803,5.374972820281982,5.00130232309891
2141,332885,230.00836535000002,528,155,628.58,-17.91349983215332,-17.91349983215332,0,0.001,324073,-17.63377901168554,1.6689914896147056,-17.63377901168554,0.25408485531806946,2.260180950164795,4.683522861910707
2157,335673,230.0667433,532,155,626.56,-17.727672576904297,-17.727672576904297,0,0.001,326551,-17.79541040140357,1.6259078933254452,-17.79541040140357,0.4356030821800232,1.6081722974777222,5.02908710672357
2175,338547,237.35233382999996,536,155,633.75,-18.206695556640625,-18.206695556640625,0,0.001,329415,-17.779913095717735,1.7040983797942704,-17.779913095717735,0.27316224575042725,1.3424224853515625,4.630557777082666
2193,341321,244.04854044,540,155,642.6,-16.09492301940918,-16.09492301940918,0,0.001,332315,-17.903871556709024,1.5807846709537299,-17.903871556709024,1.3940693140029907,3.8999485969543457,4.654804396725212
2210,343557,243.08617410000005,544,155,640.07,-17.043806076049805,-17.043806076049805,0,0.001,335043,-18.09428580862577,1.5708957343460106,-18.09428580862577,0.44185489416122437,3.5999412536621094,4.479145379177208
2225,346107,240.39896874000002,548,155,634.76,-17.478174209594727,-17.478174209594727,0,0.001,337328,-18.123820616493763,1.5351964438226395,-18.123820616493763,0.3004748225212097,4.289562702178955,4.68623417800581
2240,348885,238.90604459999997,552,155,632.44,-17.382965087890625,-17.382965087890625,0,0.001,339697,-18.07818134307861,1.7164000946402351,-18.07818134307861,0.7115313410758972,6.053274631500244,5.052787521481514
2258,351702,241.08916801000004,556,155,636.82,-19.08077049255371,-19.08077049255371,0,0.001,342563,-18.17563886642456,1.6588914511228439,-18.17563886642456,0.3851836919784546,1.9417269229888916,4.5406955373914615
2273,354002,239.86157765,560,155,636.58,-17.670080184936523,-17.670080184936523,0,0.001,344865,-18.028458694616955,2.0680827968753874,-18.028458694616955,4.786125183105469,5.947405815124512,4.64128481845061
2291,356889,245.56915024999998,564,155,645.59,-19.07028579711914,-19.07028579711914,0,0.001,347755,-18.084898996753854,1.4136686694993525,-18.084898996753854,2.031757354736328,4.166234016418457,4.9893604747387545
2309,359686,251.90972387,568,155,651.42,-18.856666564941406,-18.856666564941406,0,0.001,350566,-18.19399892582613,1.478303207767598,-18.19399892582613,0.13785091042518616,1.4302308559417725,4.562613421503236
2327,362497,254.56146919999995,572,155,652.27,-18.364505767822266,-18.364505767822266,0,0.001,353359,-18.205471131536697,1.5271612694706567,-18.205471131536697,0.22820910811424255,7.538920879364014,4.616774999929799
2344,365299,254.76265200000006,576,155,650.21,-19.261959075927734,-19.261959075927734,0,0.001,356138,-18.439460832932415,1.4508302957531722,-18.439460832932415,0.2668612003326416,1.8501101732254028,4.813288324019489
2362,368067,263.07458766,580,155,659.79,-19.47775650024414,-19.47775650024414,0,0.001,358947,-18.439377233974838,1.6655439709020674,-18.439377233974838,0.1963210254907608,3.9080188274383545,4.612957921252787
2379,370803,263.23697580000004,584,155,657.6,-18.645004272460938,-18.645004272460938,0,0.001,361682,-18.344104569237512,1.9327291547357142,-18.344104569237512,9.561358451843262,6.784762859344482,5.108832960909194
2395,373214,261.68758916,588,155,653.81,-19.6616153717041,-19.6616153717041,0,0.001,364063,-18.365211364918185,2.1015698769711015,-18.365211364918185,0.1894082874059677,1.8600353002548218,5.1960296075146895
2413,376090,268.5421934,592,155,663.0,-18.497812271118164,-18.497812271118164,0,0.001,366932,-18.505197787630387,1.7542292785077898,-18.505197787630387,2.1359760761260986,5.796224117279053,4.814804066264111
2431,378977,277.16825097000003,596,155,672.94,-19.845287322998047,-19.845287322998047,0,0.001,369825,-18.690414103715778,1.8378465693839436,-18.690414103715778,8.447014808654785,5.101495742797852,4.829254839340401
2438,379969,269.39758008999996,600,155,660.74,-19.113222122192383,-19.113222122192383,0,0.001,370972,-18.409156782873744,1.5593311061029849,-18.409156782873744,1.2546663284301758,2.8695785999298096,5.568219758313278
2454,382583,267.87074386,604,155,655.43,-16.912649154663086,-16.912649154663086,0,0.001,373446,-18.680937778314895,1.5169834752936335,-18.680937778314895,0.38223737478256226,1.366636037826538,5.078249571767785
2471,385377,268.05889604000004,608,155,652.68,-20.2015323638916,-20.2015323638916,0,0.001,376263,-18.74634061818915,1.6794504876393592,-18.74634061818915,0.3650371730327606,8.114129066467285,4.924391550329615
2487,387957,269.03340546,612,155,651.59,-19.725017547607422,-19.725017547607422,0,0.001,378856,-18.76550566480401,1.8351046166549085,-18.76550566480401,0.12892240285873413,4.175534725189209,4.829726439513517
2505,390777,272.15353592,616,155,654.27,-19.186790466308594,-19.186790466308594,0,0.001,381631,-18.76219115074405,1.6779053597532454,-18.76219115074405,0.6872016191482544,11.682164192199707,4.969914921968736
2522,393558,278.44807426,620,156,661.71,-19.67544174194336,-19.67544174194336,0,0.001,384426,-18.893325691334685,1.8811314511024235,-18.893325691334685,0.36750900745391846,3.229295253753662,4.943145450618532
2538,396078,275.94500604,624,156,658.58,-16.909408569335938,-16.909408569335938,0,0.001,386932,-18.80450564887136,1.9965827248696917,-18.80450564887136,0.7150909900665283,3.7280430793762207,4.648658814395002
2552,398353,275.2423499,628,156,654.68,-18.55607032775879,-18.55607032775879,0,0.001,389242,-18.796234302464487,1.91327452518947,-18.796234302464487,0.7753709554672241,4.625143527984619,4.580718135060111
2570,401120,275.26879105,632,156,654.47,-17.945262908935547,-17.945262908935547,0,0.001,392011,-18.843590527596557,1.9470280133816,-18.843590527596557,0.2643209993839264,1.8985631465911865,4.937437821245758
2587,403877,275.26101992,636,156,653.3,-19.91375732421875,-19.91375732421875,0,0.001,394750,-18.844424523370115,1.7115718331510965,-18.844424523370115,0.1554795801639557,9.035482406616211,5.079511767866983
2602,406263,274.25265892000004,640,156,649.42,-19.439302444458008,-19.439302444458008,0,0.001,397144,-18.93424813414729,1.874407311500765,-18.93424813414729,0.4346455931663513,3.2611753940582275,4.733192797836869
2613,407973,270.95649634,644,156,644.16,-19.265974044799805,-19.265974044799805,0,0.001,398856,-18.887674681059234,1.8669526001340464,-18.887674681059234,0.35395145416259766,5.443415641784668,5.12111274043361
2630,410756,273.70248979,648,156,646.49,-20.675151824951172,-20.675151824951172,0,0.001,401614,-18.841072001927337,1.8168284629375708,-18.841072001927337,0.3493013381958008,1.1302345991134644,5.133132193457913
2648,413527,274.14282718000004,652,156,646.42,-18.89830780029297,-18.89830780029297,0,0.001,404427,-18.940611797220566,1.995944128415602,-18.940611797220566,0.9630622863769531,2.7373836040496826,4.977571849437321
2664,416011,272.756262,656,156,643.09,-20.03216552734375,-20.03216552734375,0,0.001,407066,-18.901844052381293,1.9801969318758956,-18.901844052381293,0.21086961030960083,6.024756908416748,5.091355131982371
2680,418696,278.35403089,660,156,646.94,-18.31583595275879,-18.31583595275879,0,0.001,409598,-18.97026488947314,1.9776522725235757,-18.97026488947314,9.196977615356445,3.7658872604370117,5.0451465152030766
2694,420934,276.36865668999997,664,156,640.45,-19.639055252075195,-19.639055252075195,0,0.001,411837,-18.928142709934964,1.9112748617535296,-18.928142709934964,8.428031921386719,4.505499362945557,5.316673110502469
2708,423178,272.72555712999997,668,156,634.92,-17.41288185119629,-17.41288185119629,0,0.001,414040,-19.042392937063475,1.9751546870518917,-19.042392937063475,1.5941550731658936,6.45664644241333,5.0652745540379085
2725,425861,272.69623126,672,156,633.64,-17.234588623046875,-17.234588623046875,0,0.001,416750,-19.0804316397996,1.9466282901835477,-19.0804316397996,0.852798581123352,5.403523921966553,4.744930144813326
2743,428781,272.48256217,676,156,634.82,-20.21864891052246,-20.21864891052246,0,0.001,419634,-19.23019108033516,1.8695190385488427,-19.23019108033516,0.4282553195953369,9.327828407287598,4.954249878836349
2757,430901,268.35163278,680,156,628.34,-19.090078353881836,-19.090078353881836,0,0.001,421799,-18.82251352734036,0.7997698528278205,-18.82251352734036,0.1109626516699791,8.363424301147461,4.479192210568322
2774,433614,268.15967759,684,156,628.11,-17.944063186645508,-17.944063186645508,0,0.001,424512,-19.235743392597545,1.7508310986979103,-19.235743392597545,0.38883906602859497,5.331440448760986,5.188364794139158
2786,435505,264.71646634,688,156,622.91,-20.697317123413086,-20.697317123413086,0,0.001,426379,-19.09596350899449,1.9088279570590843,-19.09596350899449,0.622734785079956,3.359830141067505,5.081835756147349
2803,438307,264.75630258999996,692,156,622.17,-19.27206039428711,-19.27206039428711,0,0.001,429166,-19.190226613429555,2.2799046690279883,-19.190226613429555,0.4643327593803406,7.243605613708496,5.143611431296109
2821,441124,264.77082552,696,156,621.47,-19.82750129699707,-19.82750129699707,0,0.001,432005,-19.163685363271963,2.3662861153665604,-19.163685363271963,2.7561566829681396,8.103119850158691,4.740673874221418
2838,443837,277.16905175,700,156,638.68,-18.497026443481445,-18.497026443481445,0,0.001,434710,-19.14450367421203,2.321324735837427,-19.14450367421203,0.9534727334976196,3.357516288757324,4.819206910529432
2849,445699,271.39257640000005,704,156,631.16,-20.053804397583008,-20.053804397583008,0,0.001,436513,-19.092653603023955,2.2111896847409613,-19.092653603023955,1.9477238655090332,2.3600759506225586,4.732732539872329
2867,448543,271.27135033999997,708,156,631.66,-19.49578094482422,-19.49578094482422,0,0.001,439375,-19.141917289124375,2.3345799101042615,-19.141917289124375,0.5180559158325195,1.7835220098495483,5.120514116503975
2885,451371,273.18625156999997,712,156,634.14,-18.97024917602539,-18.97024917602539,0,0.001,442224,-19.24245208003679,2.0740288558606625,-19.24245208003679,1.6586394309997559,8.435895919799805,5.088127827609994
2902,453993,270.42314068,716,156,632.16,-20.064180374145508,-20.064180374145508,0,0.001,444857,-19.266658043192926,1.7059714360496936,-19.266658043192926,0.43789809942245483,5.619590759277344,4.946786635947005
2920,456830,270.28022752,720,156,632.72,-20.24608039855957,-20.24608039855957,0,0.001,447719,-19.230754425946404,1.907330351232082,-19.230754425946404,1.10872220993042,13.182722091674805,4.97307000423179
2938,459819,272.60896405,724,156,637.41,-19.63243293762207,-19.63243293762207,0,0.001,450580,-19.343813354090642,2.1206474808168663,-19.343813354090642,0.2277815341949463,2.2322959899902344,4.997531234590631
2950,461689,268.10978097,728,156,633.36,-19.883983612060547,-19.883983612060547,0,0.001,452472,-19.248327311347513,2.15809756339486,-19.248327311347513,0.14098307490348816,4.477194309234619,4.712270414128023
2969,464695,267.96483689,732,156,635.75,-20.466238021850586,-20.466238021850586,0,0.001,455543,-19.318759651643685,1.9337161109749093,-19.318759651643685,1.0656362771987915,2.6568760871887207,4.913854157206524
2987,467871,267.66998965000005,736,156,639.94,-20.44484519958496,-20.44484519958496,0,0.001,458485,-19.25315059542032,1.8811978086029515,-19.25315059542032,0.5324053764343262,3.7132835388183594,4.735971430053262
3006,470563,270.46795799000006,740,156,643.0,-19.091949462890625,-19.091949462890625,0,0.001,461458,-19.318777858509737,1.8093006087467074,-19.318777858509737,0.39974135160446167,4.687545299530029,4.9327227064791845
3023,473373,277.87570837000004,744,156,654.0,-19.488460540771484,-19.488460540771484,0,0.001,464264,-19.417656841048274,2.0756869227772925,-19.417656841048274,1.1024203300476074,2.8969922065734863,4.870691660477455
3040,476066,277.98412987999995,748,156,653.1,-20.225860595703125,-20.225860595703125,0,0.001,466949,-19.397925305722364,1.8659942869096995,-19.397925305722364,0.7391385436058044,2.5421700477600098,4.795007533457742
3057,478800,279.14110237999995,752,156,652.73,-20.044496536254883,-20.044496536254883,0,0.001,469693,-19.474298151667245,1.827886898394027,-19.474298151667245,5.089753150939941,13.48257827758789,4.7972934729681755
3073,481408,280.52080416,756,156,653.97,-18.359384536743164,-18.359384536743164,0,0.001,472242,-19.503583338723253,2.0045547778718174,-19.503583338723253,0.9875321388244629,4.384797096252441,5.203393344114076
3090,484081,280.59817233,760,156,653.85,-19.898048400878906,-19.898048400878906,0,0.001,474996,-19.515609864265688,2.177430314256669,-19.515609864265688,0.5869635343551636,10.722108840942383,4.938767961393004
3108,486950,283.92776713,764,156,660.16,-19.894107818603516,-19.894107818603516,0,0.001,477838,-19.566243169107413,1.9003880646756186,-19.566243169107413,0.36925792694091797,4.0958781242370605,4.823980319790724
3125,489715,287.4602477,768,156,665.37,-18.4569034576416,-18.4569034576416,0,0.001,480573,-19.63460283082495,2.0361408859666916,-19.63460283082495,0.2861388325691223,3.9132158756256104,4.891491364412955
3143,492461,287.35207772999996,772,156,666.0,-17.61098289489746,-17.61098289489746,0,0.001,483322,-19.611627842352643,2.1227153352989254,-19.611627842352643,2.3703441619873047,9.534809112548828,4.896860193430893
3160,495226,287.49376895,776,156,664.45,-20.41351318359375,-20.41351318359375,0,0.001,486129,-19.722106900802657,1.8453426088251836,-19.722106900802657,0.1311464160680771,3.5741281509399414,4.728446916556973
3177,497987,291.58853429,780,156,670.86,-20.29078483581543,-20.29078483581543,0,0.001,488850,-19.82715785847923,2.059280808168624,-19.82715785847923,9.960776329040527,5.745790958404541,4.897982238517331
3195,500754,291.67112245000004,784,156,671.4,-20.41382598876953,-20.41382598876953,0,0.001,491604,-19.906690728698557,1.894753441129168,-19.906690728698557,0.1246005967259407,7.912600040435791,4.866488408222581
3212,503579,298.38405965,788,156,680.74,-20.954801559448242,-20.954801559448242,0,0.001,494435,-19.919109445710422,1.8733036685734987,-19.919109445710422,0.11127364635467529,6.917301654815674,4.894593605282586
3227,505968,294.92061524,792,156,676.61,-19.679330825805664,-19.679330825805664,0,0.001,496836,-20.001557368650992,2.0742216206229345,-20.001557368650992,0.24494603276252747,3.560357093811035,4.786932927749824
3245,508733,294.86249116,796,156,676.09,-19.467256546020508,-19.467256546020508,0,0.001,499576,-20.097070346677924,2.0078262548931427,-20.097070346677924,1.3911724090576172,8.221864700317383,5.141628174768018
3262,511476,296.43919172,800,156,676.39,-20.003061294555664,-20.003061294555664,0,0.001,502322,-20.22635462721424,2.008012580084642,-20.22635462721424,1.2941563129425049,2.555452346801758,4.810657034964251
3279,514268,303.97848232,804,156,685.69,-19.940187454223633,-19.940187454223633,0,0.001,505150,-20.204794362314026,1.9430930023490538,-20.204794362314026,1.0339303016662598,3.273782253265381,4.779452822532599
3296,516995,304.13355382,808,156,684.52,-19.469148635864258,-19.469148635864258,0,0.001,507866,-20.284956785765562,1.911100654490557,-20.284956785765562,0.6080901622772217,4.954451560974121,5.096347604285587
3314,519729,304.25048983,812,156,683.58,-20.870424270629883,-20.870424270629883,0,0.001,510619,-20.24444542374722,1.9100256894427219,-20.24444542374722,0.25993475317955017,4.943041801452637,4.9172432251101315
3331,522410,306.97591409999995,816,156,684.17,-19.82222557067871,-19.82222557067871,0,0.001,513294,-20.417313845324298,1.695204037068961,-20.417313845324298,0.1968100517988205,1.7622736692428589,4.992298039984195
3348,525163,307.16474035,820,156,683.33,-21.22249984741211,-21.22249984741211,0,0.001,516074,-20.418409307915663,1.9645674925253283,-20.418409307915663,0.10224872827529907,3.487529754638672,5.017781063427911
3365,527835,307.45515172999995,824,156,680.16,-20.58610725402832,-20.58610725402832,0,0.001,518752,-20.497259395100787,2.1939814099277677,-20.497259395100787,0.1865426003932953,2.8826708793640137,4.466037968734115
3379,529833,309.64697201,828,156,681.44,-21.6124267578125,-21.6124267578125,0,0.001,521131,-20.659327720528218,1.8658869815412584,-20.659327720528218,0.2397608458995819,8.037240028381348,4.708387162258376
3391,532091,306.69008181999993,832,156,673.96,-20.44259262084961,-20.44259262084961,0,0.001,523005,-20.575274659366144,1.6551466495411036,-20.575274659366144,9.51019287109375,10.349584579467773,4.9273757852795645
3408,534799,307.05932681,836,156,669.28,-21.307836532592773,-21.307836532592773,0,0.001,525693,-20.664130776427513,1.742403676468056,-20.664130776427513,0.09539686143398285,2.3627519607543945,4.879423004770001
3425,537458,307.13743875,840,156,668.95,-20.64699363708496,-20.64699363708496,0,0.001,528362,-20.694388461617184,1.7841945286851455,-20.694388461617184,0.13377024233341217,3.8395705223083496,4.997988854650284
3442,540129,307.22534669,844,156,667.56,-21.0194091796875,-21.0194091796875,0,0.001,531010,-20.704813490647535,1.7109362114858002,-20.704813490647535,10.232980728149414,2.5893478393554688,4.831215950525724
3459,542820,307.35905756000005,848,156,667.54,-20.78875732421875,-20.78875732421875,0,0.001,533714,-20.7720003729468,2.0233466083449976,-20.7720003729468,10.383886337280273,9.181303977966309,4.734810116770747
3475,545500,307.4231048,852,156,667.0,-21.243080139160156,-21.243080139160156,0,0.001,536375,-20.936724033887174,1.7110401905002144,-20.936724033887174,0.4339302182197571,2.1915066242218018,4.750438971231596
3493,548256,309.48909556,856,156,668.48,-20.060747146606445,-20.060747146606445,0,0.001,539145,-20.93373663172681,1.8724151160834854,-20.93373663172681,1.4539002180099487,2.746591329574585,4.825640237433863
3510,550940,309.4367414,860,156,668.59,-22.196352005004883,-22.196352005004883,0,0.001,541859,-21.02289204176335,1.6926491402057755,-21.02289204176335,0.20216092467308044,6.709804534912109,5.114358965487901
3525,553308,306.88489496,864,156,663.58,-21.393661499023438,-21.393661499023438,0,0.001,544216,-20.997833815617348,1.6103287239256907,-20.997833815617348,0.1725960671901703,1.188226580619812,4.8002485561726695
3542,556014,307.02597105,868,156,662.99,-20.348697662353516,-20.348697662353516,0,0.001,546922,-21.027331684783142,1.5929011863590492,-21.027331684783142,0.15390744805335999,4.243382930755615,4.766029511301936
3558,558674,307.16247144000005,872,156,662.13,-21.94533920288086,-21.94533920288086,0,0.001,549555,-21.213530751403617,1.7116825956717991,-21.213530751403617,0.24752889573574066,5.109896659851074,5.052795522123854
3575,561355,307.26226632,876,157,661.29,-21.370563507080078,-21.370563507080078,0,0.001,552228,-21.18503976524423,1.7797698766870327,-21.18503976524423,0.20526385307312012,6.05686616897583,4.5777438467066585
3590,563800,304.44959628,880,157,658.13,-20.09284782409668,-20.09284782409668,0,0.001,554683,-21.20294697053971,1.675420606843428,-21.20294697053971,9.4718017578125,1.45367431640625,4.543340624981029
3606,566251,301.57715597,884,157,654.97,-21.812753677368164,-21.812753677368164,0,0.001,557128,-21.157401536640368,2.027389867399172,-21.157401536640368,0.2734626531600952,10.659114837646484,4.911946617170054
3623,568964,301.60539474999996,888,157,653.85,-21.606456756591797,-21.606456756591797,0,0.001,559864,-21.156922777493794,2.1025412557591197,-21.156922777493794,10.065019607543945,14.734538078308105,5.200809975287744
3637,571251,301.58303588,892,157,652.83,-20.69430160522461,-20.69430160522461,0,0.001,562138,-21.090483834402903,1.7711759320859397,-21.090483834402903,0.14436569809913635,1.9811614751815796,4.647432967424392
3654,573952,301.73712365000006,896,157,652.19,-21.579635620117188,-21.579635620117188,0,0.001,564856,-21.145520387693892,2.0077122371145633,-21.145520387693892,0.11028431355953217,2.754342555999756,4.976419642394365
3671,576672,301.72645556,900,157,651.96,-20.249465942382812,-20.249465942382812,0,0.001,567563,-21.176719382149834,1.7464013410872978,-21.176719382149834,0.3089789152145386,4.584046363830566,4.840567142452512
3688,579341,301.88517644,904,157,650.73,-21.114442825317383,-21.114442825317383,0,0.001,570261,-21.288606303696184,1.8489304523172245,-21.288606303696184,0.6395913362503052,12.7207612991333,4.993742703130958
3704,582083,301.92346968,908,157,650.88,-21.806598663330078,-21.806598663330078,0,0.001,572948,-21.377764137657554,2.3559515728327156,-21.377764137657554,8.63880729675293,1.2187786102294922,4.917694550555748
3721,584752,302.06312412,912,157,650.23,-21.904191970825195,-21.904191970825195,0,0.001,575639,-21.252040416270763,1.7118593386780734,-21.252040416270763,10.335567474365234,7.220518589019775,4.696069312883211
3734,586828,298.11163813,916,157,644.18,-21.60736083984375,-21.60736083984375,0,0.001,577742,-21.299564868661932,2.0252203176141323,-21.299564868661932,0.31912437081336975,3.0450525283813477,4.89049410441851
3751,589463,298.20404207999997,920,157,643.0,-21.601625442504883,-21.601625442504883,0,0.001,580364,-21.434760048845344,1.9766977862177597,-21.434760048845344,10.994508743286133,3.9637184143066406,4.690736267633946
3766,591911,295.62206467000004,924,157,640.76,-22.245670318603516,-22.245670318603516,0,0.001,582793,-21.318399767903887,2.0108897697230033,-21.318399767903887,0.1984209418296814,11.429183006286621,4.913886617803009
3782,594550,301.5670491,928,157,647.17,-21.384052276611328,-21.384052276611328,0,0.001,585446,-21.44503180870643,1.921819186491462,-21.44503180870643,0.24427974224090576,5.35815954208374,4.861647754449111
3799,596766,300.88162844,932,157,646.75,-21.799571990966797,-21.799571990966797,0,0.001,588161,-21.43200063423292,2.046942337394069,-21.43200063423292,0.5726569890975952,4.374510288238525,5.0422347055737085
3813,599497,300.88629901,936,157,646.98,-22.07179832458496,-22.07179832458496,0,0.001,590391,-21.459067104819294,2.053549507928421,-21.459067104819294,0.5113047361373901,3.065201759338379,4.580160813774177
3830,602221,300.88475717,940,157,647.63,-20.605173110961914,-20.605173110961914,0,0.001,593106,-21.356620471593644,1.8853939925794794,-21.356620471593644,0.6873394250869751,3.4481422901153564,5.02144275285453
3847,604842,300.93891052000004,944,157,647.13,-22.262025833129883,-22.262025833129883,0,0.001,595749,-21.436683613577006,2.054936520382188,-21.436683613577006,0.12852492928504944,2.940692186355591,5.24300801128517
3864,607512,300.86922791,948,157,646.92,-21.640731811523438,-21.640731811523438,0,0.001,598426,-21.472938583696717,1.906883527904614,-21.472938583696717,1.3003675937652588,2.2065768241882324,4.690110499765217
3880,610139,300.83455112,952,157,646.39,-21.404882431030273,-21.404882431030273,0,0.001,601053,-21.536473092715905,1.6705852719614693,-21.536473092715905,0.21454820036888123,2.8710758686065674,5.0739624799198255
3897,612823,300.94942394000003,956,157,645.67,-21.667949676513672,-21.667949676513672,0,0.001,603722,-21.45662012650974,2.230912720258022,-21.45662012650974,0.10039116442203522,8.879156112670898,5.19017017884095
3913,615539,300.9490976,960,157,645.99,-21.988441467285156,-21.988441467285156,0,0.001,606424,-21.528084589782374,2.0094084119497064,-21.528084589782374,8.379043579101562,1.520756483078003,4.77487257389383
3930,617676,299.39097282,964,157,643.68,-22.068307876586914,-22.068307876586914,0,0.001,609167,-21.571635353494678,1.8452091245214555,-21.571635353494678,0.5732877850532532,4.368271827697754,4.569072563090973
3943,619948,296.112237,968,157,639.34,-21.969213485717773,-21.969213485717773,0,0.001,611249,-21.57627490153565,1.7787672302502895,-21.57627490153565,0.4662032127380371,2.1538031101226807,4.929851861386284
3958,622610,296.05425488,972,157,639.36,-21.928598403930664,-21.928598403930664,0,0.001,613524,-21.616617546898144,1.6561853576918626,-21.616617546898144,0.1467268466949463,1.2018115520477295,5.007982685113901
3974,624729,291.86413447999996,976,157,633.74,-21.2081298828125,-21.2081298828125,0,0.001,616187,-21.612221577504016,2.1617800508690133,-21.612221577504016,0.12270968407392502,5.094132423400879,4.921504709097716
3988,627445,294.77561266,980,157,636.45,-20.966039657592773,-20.966039657592773,0,0.001,618339,-21.576677072152453,2.224500833996965,-21.576677072152453,9.98971176147461,8.87061882019043,4.783681399968206
4005,630105,297.86544847,984,157,638.54,-21.15557289123535,-21.15557289123535,0,0.001,621024,-21.680391693115233,2.0926331193679397,-21.680391693115233,0.8379995226860046,4.079558849334717,5.135437341122066
4018,631759,290.23907652,988,157,627.95,-22.635650634765625,-22.635650634765625,0,0.001,623244,-21.613541130005846,2.226460089767168,-21.613541130005846,0.05111561715602875,3.208010673522949,4.67062614001627
4030,634228,291.74186411,992,157,629.77,-21.951705932617188,-21.951705932617188,0,0.001,625141,-21.64484104236683,1.7873201343151315,-21.64484104236683,11.61944580078125,2.7962982654571533,4.772742516464657
4042,636060,285.14391530999995,996,157,621.08,-21.41724967956543,-21.41724967956543,0,0.001,626965,-21.664925078041534,2.3846275112760473,-21.664925078041534,0.13043221831321716,13.02686882019043,4.684973696358184
4055,638260,281.58894239999995,1000,157,615.88,-22.91025161743164,-22.91025161743164,0,0.001,629174,-21.617430903330572,2.583480977119273,-21.617430903330572,0.09003719687461853,3.568115234375,5.15643724974464
4071,640693,279.11477314,1004,157,613.52,-22.111373901367188,-22.111373901367188,0,0.001,631614,-21.685643717068345,2.013447845051196,-21.685643717068345,0.9749816656112671,16.08428382873535,4.808342123387465
4088,643420,277.7207276,1008,157,613.37,-22.021833419799805,-22.021833419799805,0,0.001,634339,-21.58159252711705,2.464918544072227,-21.58159252711705,56.877620697021484,5.277259349822998,5.08513533779553
4104,645777,274.35292266,1012,157,610.25,-22.22490119934082,-22.22490119934082,0,0.001,637051,-21.64744946126188,1.9110461670769316,-21.64744946126188,11.49494743347168,3.3393895626068115,4.81023620336913
4117,647892,272.65532973999996,1016,157,610.64,-21.930566787719727,-21.930566787719727,0,0.001,639028,-21.587375692111344,1.8609211175676061,-21.587375692111344,0.1990545094013214,5.059459686279297,4.776299628748823
4133,650395,269.6483424,1020,157,609.32,-22.512977600097656,-22.512977600097656,0,0.001,641586,-21.521833446892824,2.1974480161138654,-21.521833446892824,0.49753814935684204,6.838084697723389,4.718284988775849
4148,653077,272.28033452000005,1024,157,611.66,-20.692577362060547,-20.692577362060547,0,0.001,643978,-21.60959584372384,2.2991770411664176,-21.60959584372384,2.288292407989502,11.73678970336914,4.951381193740027
4163,655601,270.01294995,1028,157,610.51,-21.94424819946289,-21.94424819946289,0,0.001,646503,-21.48511305520701,2.445206801029914,-21.48511305520701,0.9575619697570801,2.2456681728363037,4.899102084685204
4180,658279,273.85095143,1032,157,615.13,-22.24884033203125,-22.24884033203125,0,0.001,649184,-21.385883541282166,2.0553608943654127,-21.385883541282166,0.33141571283340454,3.3558483123779297,4.905260865294605
4197,660993,273.85499143,1036,157,614.96,-21.255859375,-21.255859375,0,0.001,651874,-21.452598248209274,2.121323304295185,-21.452598248209274,0.4095005393028259,3.7522268295288086,4.668272315746262
4214,663684,273.86183015,1040,157,614.63,-21.47365951538086,-21.47365951538086,0,0.001,654591,-21.496635233046693,2.068374008660623,-21.496635233046693,0.7234299182891846,13.871447563171387,4.724453819452683
4230,666385,273.76267982999997,1044,157,615.43,-22.164833068847656,-22.164833068847656,0,0.001,657254,-21.50969891919347,1.882267205678541,-21.50969891919347,0.13449899852275848,6.604551792144775,4.970458057112323
4245,668544,268.64126175,1048,157,610.32,-22.680864334106445,-22.680864334106445,0,0.001,659758,-21.62624440956692,2.0002895077954967,-21.62624440956692,0.12973973155021667,4.709064960479736,4.994519547033166
4260,671257,268.64470737,1052,157,611.18,-21.19864273071289,-21.19864273071289,0,0.001,662134,-21.5308853116434,2.050203390424859,-21.5308853116434,0.2999802827835083,2.5369367599487305,5.184654877921003
4277,674057,268.47889569999995,1056,157,612.34,-21.822528839111328,-21.822528839111328,0,0.001,664831,-21.44653354837208,2.1496241414767723,-21.44653354837208,0.2585756778717041,3.1804258823394775,4.790975298301403
4295,676725,268.5866929,1060,157,611.86,-20.949432373046875,-20.949432373046875,0,0.001,667626,-21.55051145582576,2.2994092059998255,-21.55051145582576,0.17073535919189453,2.612687349319458,5.011827286072415
4309,679123,269.26729592,1064,157,614.47,-22.43800163269043,-22.43800163269043,0,0.001,669983,-21.521350387493563,1.8968892284029457,-21.521350387493563,0.07343705743551254,1.615966558456421,4.762477103007991
4324,681484,268.31799936000004,1068,157,615.36,-19.673768997192383,-19.673768997192383,0,0.001,672346,-21.515590523874295,2.0923165233972267,-21.515590523874295,0.2577040195465088,5.369636058807373,4.910022265418282
4341,684225,268.38090031,1072,157,616.15,-21.426713943481445,-21.426713943481445,0,0.001,675113,-21.494728663430283,1.9846316006646227,-21.494728663430283,0.5305649042129517,3.9903342723846436,4.705585028342346
4359,686997,272.60850302,1076,157,622.68,-21.95964241027832,-21.95964241027832,0,0.001,677882,-21.630415882289245,1.9423131880455602,-21.630415882289245,0.19362354278564453,2.900761604309082,4.722069049177091
4376,689706,272.68552972000003,1080,157,622.61,-22.426761627197266,-22.426761627197266,0,0.001,680595,-21.563864934193838,2.3058219994439266,-21.563864934193838,0.1249864250421524,3.3702077865600586,4.859693139165014
4393,692431,271.25629391,1084,157,623.26,-22.376678466796875,-22.376678466796875,0,0.001,683325,-21.538080806225803,2.020572190289557,-21.538080806225803,0.20544642210006714,4.0167388916015625,4.96386653694783
4407,694659,274.92119881,1088,157,629.0,-22.767074584960938,-22.767074584960938,0,0.001,685525,-21.533456559614702,2.6132660363934677,-21.533456559614702,0.19055114686489105,2.1213393211364746,4.9784580330053965
4424,697332,275.4483075,1092,157,631.04,-20.77196502685547,-20.77196502685547,0,0.001,688233,-21.518287249172435,2.250605558760453,-21.518287249172435,0.8339859843254089,4.511598587036133,5.173746152660426
4441,700086,282.00628556,1096,157,640.26,-20.724899291992188,-20.724899291992188,0,0.001,690968,-21.366002264610135,1.8195097420004107,-21.366002264610135,0.4678703546524048,4.259710788726807,4.717005000086474
4458,702390,282.01294792,1100,157,641.3,-20.15843391418457,-20.15843391418457,0,0.001,693728,-21.437171796342017,2.3918258015433667,-21.437171796342017,0.26979148387908936,4.7744550704956055,4.907089296528991
4473,705292,284.38537701999996,1104,157,645.99,-22.04073143005371,-22.04073143005371,0,0.001,696123,-21.295908893383313,2.191302216828118,-21.295908893383313,0.3127272129058838,1.0688846111297607,4.681175841096384
4492,708342,285.6926811,1108,157,649.22,-19.522611618041992,-19.522611618041992,0,0.001,699180,-21.376450354311647,2.08358451460569,-21.376450354311647,0.6169081926345825,11.154132843017578,4.865119880154019
4511,711331,288.89999049,1112,157,655.54,-22.133277893066406,-22.133277893066406,0,0.001,702183,-21.274372765589654,1.9160886020405863,-21.274372765589654,0.40005671977996826,19.58568000793457,5.000046947846144
4529,714276,294.54389141,1116,157,663.84,-21.071109771728516,-21.071109771728516,0,0.001,705022,-21.159837145479923,1.8882459187312786,-21.159837145479923,0.26619288325309753,3.1279475688934326,4.85082121542724
4547,717128,297.49711514,1120,157,667.33,-21.10698699951172,-21.10698699951172,0,0.001,707970,-21.252930779696843,2.198474783262798,-21.252930779696843,0.502013623714447,3.30613374710083,4.69628565637759
4566,720213,297.31585943,1124,157,671.36,-21.229162216186523,-21.229162216186523,0,0.001,711064,-21.20166464471198,2.1485736244327844,-21.20166464471198,0.6747598648071289,4.230717182159424,4.9277652887554915
4584,723005,299.54513693000007,1128,157,674.04,-21.826522827148438,-21.826522827148438,0,0.001,713893,-21.168301556561445,2.0318493663237014,-21.168301556561445,0.14581072330474854,3.5986416339874268,4.851651529292087
4594,724101,287.55673219,1132,157,658.22,-20.615055084228516,-20.615055084228516,0,0.001,715580,-21.031479335966566,1.7857567479452454,-21.031479335966566,0.2806435823440552,4.479452610015869,4.9509890760694235
4603,725642,279.24763104999994,1136,157,646.49,-21.700159072875977,-21.700159072875977,0,0.001,717090,-21.229517841896815,2.0075915011560967,-21.229517841896815,2.698789596557617,6.666154861450195,4.868644870338384
4610,727215,271.01781901,1140,157,635.31,-20.433740615844727,-20.433740615844727,0,0.001,718102,-21.158616440833647,2.194482047822429,-21.158616440833647,11.402360916137695,1.7521127462387085,4.693757826537755
4624,729412,266.80920944999997,1144,157,630.27,-20.368005752563477,-20.368005752563477,0,0.001,720262,-20.9413664748029,2.5763944630942692,-20.9413664748029,1.4880622625350952,3.050942897796631,5.172250331901923
4639,731831,268.73764654999997,1148,157,632.87,-19.733165740966797,-19.733165740966797,0,0.001,722692,-21.211725163904035,2.1850425088488907,-21.211725163904035,0.9563515186309814,2.7713122367858887,4.736540333824869
4656,734574,268.75417723,1152,157,633.17,-21.411659240722656,-21.411659240722656,0,0.001,725473,-21.13360963003976,2.1643831959366797,-21.13360963003976,0.09908095002174377,10.427248001098633,5.013051480395453
4673,737263,268.90354919000004,1156,157,632.06,-20.610403060913086,-20.610403060913086,0,0.001,728175,-21.142425164804088,2.138380358076614,-21.142425164804088,2.695042610168457,5.966394424438477,5.00677932203711
4690,739947,268.84165128,1160,157,632.22,-21.257568359375,-21.257568359375,0,0.001,730842,-21.171797410392205,2.405464819716643,-21.171797410392205,0.5202192068099976,2.4238202571868896,4.778769596672614
4707,742658,272.43639694999996,1164,157,635.35,-18.470205307006836,-18.470205307006836,0,0.001,733535,-21.133923539068295,2.250582874484515,-21.133923539068295,1.0790631771087646,6.1317267417907715,4.901254618203251
4723,744836,269.46945956,1168,157,633.52,-22.09713363647461,-22.09713363647461,0,0.001,736165,-20.923339557361317,2.363636053227324,-20.923339557361317,0.7757622003555298,3.2503502368927,4.8378442833731485
4737,747613,269.48504762000005,1172,157,633.88,-20.440711975097656,-20.440711975097656,0,0.001,738473,-20.997607179121538,2.201028193900877,-20.997607179121538,0.15315885841846466,4.346766948699951,5.121988432876991
4755,750348,269.48217203,1176,157,633.51,-21.727542877197266,-21.727542877197266,0,0.001,741233,-20.906115103050098,2.0787976528049485,-20.906115103050098,0.2326200008392334,1.2845650911331177,5.038952843677363
4772,753205,269.31281365,1180,157,634.99,-18.503049850463867,-18.503049850463867,0,0.001,744080,-20.900013762851096,1.91599896349002,-20.900013762851096,1.6041574478149414,6.656484127044678,4.758994722262371
4789,755790,268.51115237,1184,157,633.59,-20.793312072753906,-20.793312072753906,0,0.001,746680,-20.87338560346573,2.299581515741633,-20.87338560346573,0.7390784621238708,8.342378616333008,4.613476756782759
4806,758538,272.47623161,1188,157,638.79,-20.47118377685547,-20.47118377685547,0,0.001,749429,-20.76682318979605,2.0908603354254898,-20.76682318979605,0.2140701860189438,1.398440957069397,5.001233136378271
4823,761248,274.02204624,1192,157,639.16,-22.286788940429688,-22.286788940429688,0,0.001,752144,-20.782891000618275,2.31838726178582,-20.782891000618275,0.05688522756099701,2.1478123664855957,4.887067688249909
4841,764237,273.92342253,1196,157,641.51,-21.60188102722168,-21.60188102722168,0,0.001,754977,-20.80092660735184,2.1564631882301932,-20.80092660735184,1.6026272773742676,4.1244072914123535,4.965860598208757
4859,767089,277.36685342,1200,157,646.99,-21.58338737487793,-21.58338737487793,0,0.001,757861,-20.8710385805153,2.229592144690958,-20.8710385805153,0.5867316126823425,2.4964804649353027,5.0807856050241424
4872,769178,273.1396155,1204,157,638.86,-20.74003791809082,-20.74003791809082,0,0.001,760055,-20.790850527802405,2.1571371059058704,-20.790850527802405,10.523815155029297,4.141147613525391,4.751021821770752
4889,771883,273.24529731999996,1208,157,635.41,-21.729379653930664,-21.729379653930664,0,0.001,762764,-20.715399594534013,2.315381801071843,-20.715399594534013,0.1211337000131607,2.39654541015625,4.669278724385159
4904,773907,267.45749139,1212,157,625.76,-19.57762908935547,-19.57762908935547,0,0.001,765279,-20.75812997244149,2.192347822961715,-20.75812997244149,0.817381739616394,6.690117835998535,5.133463641463173
4919,776633,267.54806993,1216,157,623.57,-20.61125373840332,-20.61125373840332,0,0.001,767548,-20.744441820706935,1.9827775989434049,-20.744441820706935,0.20802028477191925,10.872501373291016,4.872804547665436
4936,779331,267.58151399999997,1220,157,622.03,-21.105199813842773,-21.105199813842773,0,0.001,770225,-20.753447128845764,2.1566686578195493,-20.753447128845764,0.3253868818283081,1.0246984958648682,4.917577866319421
4952,781629,264.41985106,1224,157,614.16,-20.677175521850586,-20.677175521850586,0,0.001,772926,-20.690446404204973,2.254125139483347,-20.690446404204973,0.6405720710754395,8.848753929138184,4.89206506945621
4968,784491,264.35106152000003,1228,157,614.86,-20.137187957763672,-20.137187957763672,0,0.001,775340,-20.738885995753915,2.3256341656489385,-20.738885995753915,0.23123951256275177,9.754215240478516,5.143428977506643
4986,787388,274.91216118000006,1232,157,632.87,-20.77031135559082,-20.77031135559082,0,0.001,778326,-20.562921211454604,2.342485835506684,-20.562921211454604,2.548431873321533,5.387699604034424,4.5531323573655555
5004,790225,283.11721095999997,1236,157,645.83,-20.45572853088379,-20.45572853088379,0,0.001,781064,-20.589208863739273,2.225552647168643,-20.589208863739273,0.24455702304840088,4.518052101135254,4.994905310818273
5021,792996,290.02668818999996,1240,157,657.81,-18.74574089050293,-18.74574089050293,0,0.001,783862,-20.57097862788609,2.557811036673994,-20.57097862788609,1.3010929822921753,4.098694324493408,4.67421170779637
5039,795845,294.21352723,1244,157,664.33,-19.426708221435547,-19.426708221435547,0,0.001,786687,-20.48030678152341,2.503500180210025,-20.48030678152341,0.12439875304698944,2.194906234741211,4.906477172995172
5056,798562,297.32879634,1248,157,667.31,-21.665302276611328,-21.665302276611328,0,0.001,789471,-20.53206490787189,2.2574111733553575,-20.53206490787189,10.773626327514648,5.991804122924805,4.780313261258909
5073,801132,295.27883491999995,1252,157,665.58,-19.987131118774414,-19.987131118774414,0,0.001,792188,-20.455621258180532,2.541098087581236,-20.455621258180532,1.3866209983825684,3.9083030223846436,5.068154955266127
5089,803928,295.13897241999996,1256,157,666.65,-21.27132797241211,-21.27132797241211,0,0.001,794772,-20.41307985294632,2.2909138632273813,-20.41307985294632,0.20508518815040588,11.750481605529785,5.059596706726397
5106,806664,295.06305956999995,1260,157,667.17,-21.037811279296875,-21.037811279296875,0,0.001,797531,-20.49142730690517,2.0849022693157546,-20.49142730690517,1.0162526369094849,5.805008411407471,4.760388967927949
5124,809429,294.99076098999996,1264,157,667.71,-20.1739559173584,-20.1739559173584,0,0.001,800282,-20.42360390557183,2.301838672553238,-20.42360390557183,0.4286394715309143,2.735233783721924,4.7820148378521115
5141,811956,299.53828967,1268,157,671.2,-20.380306243896484,-20.380306243896484,0,0.001,803087,-20.48843612991461,2.246177478405562,-20.48843612991461,0.20609545707702637,2.602829933166504,4.689406895503945
5157,814795,297.97642167000004,1272,157,671.82,-20.761432647705078,-20.761432647705078,0,0.001,805684,-20.38814701275392,2.0967744691337153,-20.38814701275392,9.598962783813477,15.740226745605469,4.8153939045627006
5171,817082,294.25361288,1276,157,667.34,-20.267057418823242,-20.267057418823242,0,0.001,807961,-20.40818968811476,2.21435275157063,-20.40818968811476,0.5417709946632385,4.935208320617676,4.647262870404073
5188,819703,292.04592789,1280,157,664.98,-19.798126220703125,-19.798126220703125,0,0.001,810611,-20.352979879840156,2.1591689939503333,-20.352979879840156,0.736232578754425,6.304226398468018,4.832177617957601
5205,822438,294.15673290999996,1284,157,666.48,-19.59795379638672,-19.59795379638672,0,0.001,813317,-20.35958704494295,2.192493836501998,-20.35958704494295,0.9317722320556641,2.144484043121338,4.629167891861427
5217,824345,287.35041258,1288,158,658.07,-21.125194549560547,-21.125194549560547,0,0.001,815207,-20.131317239058646,2.68931282378341,-20.131317239058646,10.218849182128906,6.371042251586914,5.1697459634981655
5234,826914,285.27840951,1292,157,656.66,-20.63500213623047,-20.63500213623047,0,0.001,817958,-20.31053193501849,2.419426965453322,-20.31053193501849,0.29371339082717896,2.000542640686035,4.956429861636258
5248,829386,281.97570761000003,1296,158,651.49,-20.493206024169922,-20.493206024169922,0,0.001,820125,-20.24372070048659,2.302191197657448,-20.24372070048659,3.5709762573242188,3.6090590953826904,4.8601160867069915
5266,832361,281.85775598,1300,158,652.72,-20.79184341430664,-20.79184341430664,0,0.001,823182,-20.162184460957846,2.2927101684686466,-20.162184460957846,0.7318156361579895,12.652615547180176,4.850640496076681
5284,835098,286.17913479000003,1304,158,659.2,-20.05746078491211,-20.05746078491211,0,0.001,825989,-20.288855379278008,2.047393568639051,-20.288855379278008,0.3604712188243866,3.808809757232666,4.958341788342505
5301,837895,286.10486251000003,1308,158,660.12,-19.00790786743164,-19.00790786743164,0,0.001,828759,-20.29350673642933,2.7113482629577828,-20.29350673642933,0.24079154431819916,5.886293411254883,5.052793261841831
5316,840227,288.12164126000005,1312,158,663.2,-20.673778533935547,-20.673778533935547,0,0.001,831115,-20.24687164988598,2.2893275433017055,-20.24687164988598,0.7567387819290161,2.2418854236602783,5.187100155892985
5334,842608,284.07838152,1316,157,659.75,-21.37808609008789,-21.37808609008789,0,0.001,834003,-20.234648692578002,2.451587233813783,-20.234648692578002,1.1663861274719238,8.73184871673584,4.892966602977953
5350,845591,283.82513233,1320,158,662.6,-20.128969192504883,-20.128969192504883,0,0.001,836471,-20.20091268524088,2.3912685735116215,-20.20091268524088,0.3439812660217285,6.190102577209473,4.8258298186450475
5367,848404,287.09681169,1324,158,667.75,-20.77872085571289,-20.77872085571289,0,0.001,839252,-20.26665380359751,2.243299516102236,-20.26665380359751,0.16483037173748016,3.5688116550445557,4.674516392492615
5383,850970,283.90927626000007,1328,158,664.79,-20.755651473999023,-20.755651473999023,0,0.001,841820,-20.170561847018423,2.392696144931551,-20.170561847018423,0.8779540657997131,17.59952163696289,5.062224733700971
5398,853361,281.66120869,1332,158,659.73,-20.81039047241211,-20.81039047241211,0,0.001,844248,-20.053627975848542,2.150714104940117,-20.053627975848542,0.5225324630737305,4.726115703582764,5.170652814772951
5416,856291,281.62029469,1336,158,660.66,-20.49212646484375,-20.49212646484375,0,0.001,847121,-20.17665315136685,2.372221887204538,-20.17665315136685,2.6710667610168457,2.3198769092559814,5.021687700477663
5435,859272,282.75451223999994,1340,158,662.76,-20.044265747070312,-20.044265747070312,0,0.001,850042,-20.014273366109155,2.2978890966778813,-20.014273366109155,0.10411804169416428,3.954993486404419,5.003280111792345
5450,861611,279.03736237,1344,158,657.66,-19.56253433227539,-19.56253433227539,0,0.001,852457,-19.957010783506245,2.2965868855774234,-19.957010783506245,0.8888018727302551,1.1370803117752075,4.71215086388454
5464,863529,271.92034898,1348,158,649.67,-20.802162170410156,-20.802162170410156,0,0.001,854896,-19.981914438753048,1.9391629030752895,-19.981914438753048,0.17914992570877075,3.0502374172210693,4.671130291417113
5478,866119,271.4381517,1352,158,649.87,-19.614017486572266,-19.614017486572266,0,0.001,856973,-19.90959135143236,2.4358512339645855,-19.90959135143236,10.271677017211914,3.364423990249634,4.752140065376786
5494,868708,269.29533670999996,1356,158,647.8,-21.27251434326172,-21.27251434326172,0,0.001,859581,-19.83763990440522,2.4821830315735633,-19.83763990440522,0.16767965257167816,3.3596322536468506,5.126770376919742
5511,871378,267.41170141,1360,158,647.14,-20.375444412231445,-20.375444412231445,0,0.001,862243,-19.85339207540859,2.6136247600449924,-19.85339207540859,0.10168814659118652,6.195184707641602,4.958736022934318
5528,874106,265.76517036,1364,158,646.77,-20.25936508178711,-20.25936508178711,0,0.001,864975,-19.6640458215016,2.3072807365887,-19.6640458215016,0.1353786587715149,1.950502634048462,4.922765249187506
5544,876767,266.28615773999996,1368,158,648.11,-18.883020401000977,-18.883020401000977,0,0.001,867617,-19.60769613035794,2.560137573554684,-19.60769613035794,0.10775724053382874,6.838579177856445,4.925124419146571
5562,879599,267.61585325,1372,158,648.04,-19.596511840820312,-19.596511840820312,0,0.001,870451,-19.50843787859272,2.568972483412408,-19.50843787859272,33.8437614440918,1.6544911861419678,5.043123686613317
5578,882220,269.01770692,1376,158,651.38,-19.342912673950195,-19.342912673950195,0,0.001,873063,-19.606054286902136,2.497513156400218,-19.606054286902136,0.8383997678756714,1.4393784999847412,4.8366194584308175
5595,884763,268.58077842999995,1380,158,650.6,-18.9111328125,-18.9111328125,0,0.001,875880,-19.51559858179804,2.5350758926929022,-19.51559858179804,0.4364866316318512,14.853404998779297,5.090887422703985
5609,887190,263.58761491000007,1384,158,647.52,-18.25078773498535,-18.25078773498535,0,0.001,878042,-19.554442806356757,2.61051393736749,-19.554442806356757,0.45145854353904724,2.1292853355407715,4.470444269081544
5627,889961,268.72991038,1388,158,656.16,-17.91519546508789,-17.91519546508789,0,0.001,880860,-19.34073158094146,2.581833129660499,-19.34073158094146,9.982494354248047,6.309157371520996,5.1819982483858515
5644,892747,270.62636457,1392,158,658.33,-18.63653564453125,-18.63653564453125,0,0.001,883643,-19.377092247785523,2.5054768006410586,-19.377092247785523,0.2838042974472046,4.719951152801514,4.897471510740214
5661,895525,272.3342268,1396,158,661.39,-19.338712692260742,-19.338712692260742,0,0.001,886318,-19.39177587602599,2.623424871229334,-19.39177587602599,9.291324615478516,3.182328224182129,5.011046520227658
5676,897914,269.12023795,1400,158,655.53,-18.965282440185547,-18.965282440185547,0,0.001,888778,-19.276190931146797,2.281520160042502,-19.276190931146797,0.26523497700691223,5.053462028503418,5.155217577110637
5691,899986,262.91213343,1404,158,648.88,-18.4005126953125,-18.4005126953125,0,0.001,891215,-19.175372009722206,2.453077988335238,-19.175372009722206,1.7421783208847046,3.4830644130706787,5.136791460715647
5706,902771,262.76988313,1408,158,648.76,-18.26576042175293,-18.26576042175293,0,0.001,893652,-19.11126851033162,2.610881435743592,-19.11126851033162,0.9147402048110962,3.119805335998535,5.095365515163353
5723,905395,264.81208836999997,1412,158,651.68,-20.0427303314209,-20.0427303314209,0,0.001,896286,-19.12619589633998,2.3985956422545036,-19.12619589633998,0.8414311408996582,2.5436184406280518,5.080325675045846
5740,908192,268.61951244,1416,158,655.84,-20.480838775634766,-20.480838775634766,0,0.001,899090,-19.14104434049846,2.8158498847236237,-19.14104434049846,0.14062248170375824,6.089632511138916,4.954666606389759
5759,911126,268.50557853000004,1420,158,655.35,-19.40099334716797,-19.40099334716797,0,0.001,902034,-19.103474226024343,2.468346982791896,-19.103474226024343,4.015151023864746,2.6646738052368164,4.897391604254451
5776,913901,268.34596297,1424,158,654.97,-18.015275955200195,-18.015275955200195,0,0.001,904758,-19.074571544841184,2.3832550073487755,-19.074571544841184,2.596832752227783,4.100839614868164,4.572788418854698
5793,916636,271.37419888999995,1428,158,656.66,-19.344709396362305,-19.344709396362305,0,0.001,907514,-19.218799602057818,2.1038328787628613,-19.218799602057818,0.6949934959411621,1.6798195838928223,4.664436865608699
5810,919377,274.81824149,1432,158,660.16,-19.282665252685547,-19.282665252685547,0,0.001,910279,-19.243174321723707,2.5009448698154015,-19.243174321723707,9.305501937866211,5.403843879699707,4.862602417216157
5827,922110,274.76862522,1436,158,658.19,-18.260379791259766,-18.260379791259766,0,0.001,912964,-19.278207701372814,1.927529100918662,-19.278207701372814,1.231271505355835,11.965254783630371,5.20258142143847
5844,924805,274.7659296,1440,158,655.33,-18.495840072631836,-18.495840072631836,0,0.001,915700,-19.448399156682633,2.003397495805427,-19.448399156682633,0.3002646565437317,2.4634592533111572,5.0539462647017315
5860,927485,278.38191157,1444,158,658.74,-20.29790687561035,-20.29790687561035,0,0.001,918399,-19.50014034537382,1.9471436836398566,-19.50014034537382,0.30499616265296936,3.4987988471984863,4.767923425276612
5878,930248,285.37460629000003,1448,158,667.19,-20.617319107055664,-20.617319107055664,0,0.001,921154,-19.585030888936604,2.127273558783675,-19.585030888936604,9.250432968139648,4.907701015472412,4.745842345148684
5895,933057,287.74321833,1452,158,669.38,-19.654129028320312,-19.654129028320312,0,0.001,923913,-19.609895415812232,1.8998700807928375,-19.609895415812232,0.6268143057823181,11.47118854522705,4.909864464951627
5911,935663,287.22611775999997,1456,158,669.55,-20.239322662353516,-20.239322662353516,0,0.001,926531,-19.580501697030485,2.120461523927714,-19.580501697030485,2.155731201171875,4.217647075653076,4.804736058832863
5928,938379,288.98515018,1460,158,670.01,-19.259342193603516,-19.259342193603516,0,0.001,929289,-19.538008016536832,2.406329680116101,-19.538008016536832,0.22029583156108856,4.607062339782715,5.20553723398478
5945,941033,290.58330594,1464,158,669.27,-18.493572235107422,-18.493572235107422,0,0.001,931946,-19.560888399232972,1.9865734196919247,-19.560888399232972,0.9942628741264343,7.951248645782471,5.068285251701917
5962,943811,292.42630206999996,1468,158,670.44,-20.624271392822266,-20.624271392822266,0,0.001,934690,-19.637811642724113,1.9196248778390304,-19.637811642724113,0.31791847944259644,1.4590775966644287,4.75067655701895
5977,946303,289.90101769000006,1472,158,667.04,-20.450111389160156,-20.450111389160156,0,0.001,937194,-19.697627007961273,2.102330655792949,-19.697627007961273,0.8484129905700684,2.8120481967926025,4.99578631057271
5995,949126,291.88539498,1476,158,669.06,-21.0330810546875,-21.0330810546875,0,0.001,939978,-19.676950061090103,1.8575435080294629,-19.676950061090103,0.3741966485977173,2.331247568130493,5.111976826785344
6012,951906,294.3157303400001,1480,158,671.43,-17.65218162536621,-17.65218162536621,0,0.001,942768,-19.68001306371605,2.1991959833089383,-19.68001306371605,1.9664692878723145,2.4207773208618164,4.89267278748873
6029,954549,296.67109374,1484,158,673.59,-20.65713882446289,-20.65713882446289,0,0.001,945428,-19.490113601349947,2.168200739807999,-19.490113601349947,0.7401870489120483,7.809813499450684,5.054961033557591
6046,957314,298.17285948999995,1488,158,673.53,-19.38440704345703,-19.38440704345703,0,0.001,948192,-19.524265148422934,1.9280765356114982,-19.524265148422934,0.20591115951538086,13.21343994140625,4.843708943914283
6064,960172,298.03286261,1492,158,674.25,-18.865995407104492,-18.865995407104492,0,0.001,950966,-19.455113737062476,1.9941193750329156,-19.455113737062476,9.943883895874023,2.812568187713623,5.096562065954866
6082,962487,295.03853207,1496,158,669.62,-19.31153678894043,-19.31153678894043,0,0.001,953952,-19.40723447292899,2.029015690304492,-19.40723447292899,0.1534889042377472,1.2293031215667725,5.230454663867536
6096,964767,293.65833356,1500,158,668.53,-20.497465133666992,-20.497465133666992,0,0.001,956227,-19.417154779139253,2.138348006652956,-19.417154779139253,19.53471565246582,3.8236138820648193,5.050052654036541
6106,966359,290.81691918,1504,158,663.73,-19.228578567504883,-19.228578567504883,0,0.001,957879,-19.31519914765885,2.6774879540160077,-19.31519914765885,0.5063362121582031,12.912141799926758,4.852204962400092
6107,966573,273.52667886,1508,158,638.02,-19.373764038085938,-19.373764038085938,0,0.001,958088,-18.907638549804688,1.7855363275323595,-18.907638549804688,9.17121696472168,8.920437812805176,4.698270746639797
6113,967480,262.152083,1512,158,620.85,-18.607954025268555,-18.607954025268555,0,0.001,959006,-19.138871777442194,1.6282479408823076,-19.138871777442194,0.9079676866531372,10.226462364196777,5.594264445766326
6119,969030,253.42292002000002,1516,158,608.38,-18.448223114013672,-18.448223114013672,0,0.001,959906,-19.23237153255578,1.9392137439413504,-19.23237153255578,0.3071584701538086,7.339702129364014,5.292734525420449
6129,970615,244.84554086000003,1520,158,594.89,-20.084117889404297,-20.084117889404297,0,0.001,961488,-19.0944702870137,1.9458320845367136,-19.0944702870137,0.2721977233886719,4.573797702789307,5.032528105619791
6146,973385,244.83543025999998,1524,158,594.84,-20.81166648864746,-20.81166648864746,0,0.001,964255,-19.05742550465598,2.346870988929414,-19.05742550465598,3.399665594100952,4.143027305603027,5.046966118065279
6165,976347,244.5999804,1528,158,597.11,-19.279422760009766,-19.279422760009766,0,0.001,967207,-19.058923441247096,2.0831811927919146,-19.058923441247096,1.683929681777954,3.805697441101074,5.1287697093396245
6182,979190,244.51282799,1532,158,598.13,-17.801197052001953,-17.801197052001953,0,0.001,969989,-19.11618991728026,2.3017383731122574,-19.11618991728026,0.9880073070526123,6.335865497589111,4.933417239196181
6200,982014,244.49968317999995,1536,158,599.04,-20.660707473754883,-20.660707473754883,0,0.001,972894,-19.060599917327092,2.1885526511000424,-19.060599917327092,0.19478902220726013,6.114604473114014,5.122288858309858
6218,984830,244.47312797999996,1540,158,600.25,-17.915668487548828,-17.915668487548828,0,0.001,975725,-19.07192332348317,2.2331790639853932,-19.07192332348317,12.267465591430664,6.2779364585876465,5.213352695310473
6236,987792,244.30953279999994,1544,158,603.07,-19.86859130859375,-19.86859130859375,0,0.001,978645,-19.081130531454214,2.042327568722936,-19.081130531454214,5.028080463409424,7.461772918701172,5.197765617843608
6254,990647,244.18822302999996,1548,158,603.99,-19.677961349487305,-19.677961349487305,0,0.001,981519,-19.05623981633137,1.8271858363365574,-19.05623981633137,0.46449512243270874,6.397398948669434,4.92475649775918
6270,993155,240.73805689999998,1552,158,600.98,-18.276592254638672,-18.276592254638672,0,0.001,984013,-19.037289838321872,2.110332484379923,-19.037289838321872,18.45770835876465,2.5816590785980225,4.892980780171566
6288,996024,243.27761726999998,1556,158,603.61,-19.447994232177734,-19.447994232177734,0,0.001,986884,-19.130077467169812,2.1865915600536328,-19.130077467169812,0.3458481431007385,4.072032451629639,4.797842377296058
6305,998828,242.16701983,1560,158,604.49,-19.779541015625,-19.779541015625,0,0.001,989722,-19.134253099349674,1.6829774007623324,-19.134253099349674,0.1575031876564026,6.293134689331055,4.972436325239392
