time/episodes,rollout/ep_rew_mean,time/time_elapsed,rollout/ep_len_mean,time/fps,time/total_timesteps,train/actor_loss,train/critic_loss,train/RL_loss,train/Beta,train/critic_los,train/loss,train/n_updates,train/MSE_losses,train/learning_rate,train/Main_losses,train/MSE_loss
4,11.25,0,11.25,2699,45,,,,,,,,,,,
8,11.75,0,11.75,3064,94,,,,,,,,,,,
12,10.416666666666666,0,10.416666666666666,625,125,-1.0495975812276204,0.027643716273208458,-1.0316710472106934,0.0,0.01802494376897812,-1.0316710472106934,26,1.0892829497655232,0.001,-1.0495975812276204,1.1645137071609497
16,9.3125,0,9.3125,433,149,-1.1509240070978801,0.006132038387780388,-1.1328459978103638,0.0,0.005567644257098436,-1.1328459978103638,49,1.1872566938400269,0.001,-1.1509240070978801,1.1621956825256348
20,8.65,0,8.65,349,173,-1.1906517346700032,0.01162352024887999,-1.2451776266098022,0.0,0.011606195941567421,-1.2451776266098022,73,1.1970874865849812,0.001,-1.1906517346700032,1.0532042980194092
24,8.208333333333334,0,8.208333333333334,305,197,-1.2635778586069744,0.014486229823281368,-1.220889687538147,0.0,0.01977447420358658,-1.220889687538147,97,1.2963776191075642,0.001,-1.2635778586069744,1.2622017860412598
28,7.892857142857143,0,7.892857142857143,277,221,-1.3124938011169434,0.01719743013381958,-1.31328284740448,0.0,0.013931961730122566,-1.31328284740448,121,1.5028904279073079,0.001,-1.3124938011169434,1.5576461553573608
32,7.65625,0,7.65625,258,245,-1.3852537075678508,0.01664187169323365,-1.3916271924972534,0.0,0.017834335565567017,-1.3916271924972534,145,1.4104180335998535,0.001,-1.3852537075678508,1.3823573589324951
36,7.472222222222222,1,7.472222222222222,244,269,-1.4454635381698608,0.018085626574854057,-1.478516697883606,0.0,0.016052991151809692,-1.478516697883606,169,1.4214845498402913,0.001,-1.4454635381698608,1.3069775104522705
40,7.275,1,7.275,233,291,-1.4684404532114665,0.01429071743041277,-1.446980595588684,0.0,0.009442141279578209,-1.446980595588684,192,1.4106463193893433,0.001,-1.4684404532114665,1.4585416316986084
44,7.159090909090909,1,7.159090909090909,226,315,-1.4997365077336628,0.020165080204606056,-1.4685851335525513,0.0,0.017303846776485443,-1.4685851335525513,215,1.4376235802968342,0.001,-1.4997365077336628,1.466840386390686
48,7.041666666666667,1,7.041666666666667,219,338,-1.5402828852335613,0.022020288556814194,-1.459572434425354,0.0,0.03003428503870964,-1.459572434425354,238,1.5021806557973225,0.001,-1.5402828852335613,1.5390212535858154
52,6.961538461538462,1,6.961538461538462,214,362,-1.5455669164657593,0.02312267090504368,-1.505715250968933,0.0,0.025523411110043526,-1.505715250968933,262,1.5445408423741658,0.001,-1.5455669164657593,1.5647579431533813
56,6.892857142857143,1,6.892857142857143,209,386,-1.6172599792480469,0.026157200026015442,-1.6499019861221313,0.0,0.02654511108994484,-1.6499019861221313,286,1.5000070730845134,0.001,-1.6172599792480469,1.5147799253463745
60,6.833333333333333,1,6.833333333333333,205,410,-1.6681125561396282,0.01914312302445372,-1.6295666694641113,0.0,0.022653860971331596,-1.6295666694641113,310,1.4868462880452473,0.001,-1.6681125561396282,1.4793188571929932
64,6.78125,2,6.78125,202,434,-1.6804803609848022,0.02077171082297961,-1.6978100538253784,0.0,0.024749640375375748,-1.6978100538253784,334,1.4958476622899373,0.001,-1.6804803609848022,1.4034744501113892
68,6.735294117647059,2,6.735294117647059,199,458,-1.7203823328018188,0.01509662193711847,-1.7353320121765137,0.0,0.0038763212505728006,-1.7353320121765137,358,1.5300473769505818,0.001,-1.7203823328018188,1.4852081537246704
72,6.680555555555555,2,6.680555555555555,196,481,-1.7776639858881633,0.01912400747338931,-1.8144609928131104,0.0,0.055452123284339905,-1.8144609928131104,382,1.4952235221862793,0.001,-1.7776639858881633,1.407539963722229
76,6.631578947368421,2,6.631578947368421,194,504,-1.8041952053705852,0.018604988387475412,-1.7711526155471802,0.0,0.016364306211471558,-1.7711526155471802,404,1.505497415860494,0.001,-1.8041952053705852,1.533581256866455
80,6.6,2,6.6,193,528,-1.807106574376424,0.02315800233433644,-1.7649648189544678,0.0,0.04816071689128876,-1.7649648189544678,428,1.585825244585673,0.001,-1.807106574376424,1.6917492151260376
84,6.571428571428571,2,6.571428571428571,191,552,-1.9091299374898274,0.02363948244601488,-1.943966269493103,0.0,0.01480155624449253,-1.943966269493103,452,1.4874472220738728,0.001,-1.9091299374898274,1.4654704332351685
88,6.545454545454546,3,6.545454545454546,189,576,-1.8585320711135864,0.04242083057761192,-1.8100826740264893,0.0,0.04398328438401222,-1.8100826740264893,476,1.555232326189677,0.001,-1.8585320711135864,1.567507028579712
92,6.510869565217392,3,6.510869565217392,188,599,-1.9290363192558289,0.030430437251925468,-1.9252210855484009,0.0,0.02852056547999382,-1.9252210855484009,499,1.595926821231842,0.001,-1.9290363192558289,1.605816125869751
96,6.489583333333333,3,6.489583333333333,186,623,-1.892977277437846,0.030385305484135944,-1.868649959564209,0.0,0.018249962478876114,-1.868649959564209,523,1.6252166430155437,0.001,-1.892977277437846,1.6707834005355835
100,6.45,3,6.45,185,645,-2.099879264831543,0.02823905646800995,-2.0588791370391846,0.0,0.025566810742020607,-2.0588791370391846,545,1.4361940622329712,0.001,-2.099879264831543,1.3971961736679077
104,6.23,3,6.23,184,668,-1.996361533800761,0.03629773482680321,-1.9556680917739868,0.0,0.061320699751377106,-1.9556680917739868,568,1.610150694847107,0.001,-1.996361533800761,1.644397497177124
108,5.97,3,5.97,183,691,-2.0545949935913086,0.03092682734131813,-2.1077094078063965,0.0,0.02620423212647438,-2.1077094078063965,591,1.5498903393745422,0.001,-2.0545949935913086,1.494774341583252
112,5.89,3,5.89,182,714,-2.0304126739501953,0.02747714100405574,-2.0167324542999268,0.0,0.021237414330244064,-2.0167324542999268,615,1.6049221356709797,0.001,-2.0304126739501953,1.5665531158447266
116,5.88,4,5.88,181,737,-2.052877942721049,0.03210470639169216,-2.0648412704467773,0.0,0.023246455937623978,-2.0648412704467773,637,1.6138297319412231,0.001,-2.052877942721049,1.5604970455169678
120,5.87,4,5.87,181,760,-2.150038957595825,0.03072656566898028,-2.1953933238983154,0.0,0.010160490870475769,-2.1953933238983154,660,1.589279055595398,0.001,-2.150038957595825,1.5855883359909058
124,5.87,4,5.87,180,784,-2.1899922688802085,0.03495818407585224,-2.1202337741851807,0.0,0.06864592432975769,-2.1202337741851807,684,1.5703775882720947,0.001,-2.1899922688802085,1.634906530380249
128,5.87,4,5.87,179,808,-2.130827029546102,0.03202168426165978,-2.2651431560516357,0.0,0.02282809652388096,-2.2651431560516357,708,1.6435287396113079,0.001,-2.130827029546102,1.5326745510101318
132,5.87,4,5.87,178,832,-2.1679859161376953,0.0450410811851422,-2.2616961002349854,0.0,0.03407512605190277,-2.2616961002349854,732,1.642644206682841,0.001,-2.1679859161376953,1.5931288003921509
136,5.86,4,5.86,178,855,-2.23283322652181,0.039239226219554744,-2.1759047508239746,0.0,0.02407757006585598,-2.1759047508239746,755,1.5723166068394978,0.001,-2.23283322652181,1.6042431592941284
140,5.86,4,5.86,177,877,-2.2118051052093506,0.04061745442450047,-2.111926794052124,0.0,0.01972709782421589,-2.111926794052124,777,1.6187376379966736,0.001,-2.2118051052093506,1.6634396314620972
144,5.85,5,5.85,177,900,-2.280437390009562,0.033949063159525394,-2.309786796569824,0.0,0.04513902962207794,-2.309786796569824,801,1.6170498530069988,0.001,-2.280437390009562,1.6078866720199585
148,5.86,5,5.86,176,924,-2.337057590484619,0.041189402962724365,-2.297931432723999,0.0,0.022299226373434067,-2.297931432723999,824,1.56659996509552,0.001,-2.337057590484619,1.557186245918274
152,5.86,5,5.86,176,948,-2.320524056752523,0.03813334616521994,-2.248793363571167,0.0,0.05524170398712158,-2.248793363571167,848,1.5968597332636516,0.001,-2.320524056752523,1.655970573425293
156,5.86,5,5.86,175,972,-2.380678415298462,0.03288437146693468,-2.4119882583618164,0.0,0.030581429600715637,-2.4119882583618164,872,1.5591927369435628,0.001,-2.380678415298462,1.5445910692214966
160,5.85,5,5.85,174,995,-2.396691878636678,0.034860906501611076,-2.366447925567627,0.0,0.023629140108823776,-2.366447925567627,896,1.5941357612609863,0.001,-2.396691878636678,1.6195684671401978
164,5.84,5,5.84,174,1018,-2.386834462483724,0.04232068210840225,-2.4678571224212646,0.0,0.03347529470920563,-2.4678571224212646,918,1.6153957843780518,0.001,-2.386834462483724,1.542136788368225
168,5.83,5,5.83,174,1041,-2.4529229402542114,0.05063155554234981,-2.435028314590454,0.0,0.015608461573719978,-2.435028314590454,941,1.6579136848449707,0.001,-2.4529229402542114,1.701499581336975
172,5.84,6,5.84,174,1065,-2.373844861984253,0.03168071527034044,-2.4077858924865723,0.0,0.023427125066518784,-2.4077858924865723,965,1.6756746371587117,0.001,-2.373844861984253,1.6597596406936646
176,5.84,6,5.84,173,1088,-2.44159205754598,0.03850183561444283,-2.2915072441101074,0.0,0.03304164111614227,-2.2915072441101074,988,1.6176313956578572,0.001,-2.44159205754598,1.712667465209961
180,5.82,6,5.82,173,1110,-2.5140148798624673,0.0331931434571743,-2.4794235229492188,0.0,0.0291852168738842,-2.4794235229492188,1010,1.5793288946151733,0.001,-2.5140148798624673,1.6355828046798706
184,5.81,6,5.81,173,1133,-2.5671144326527915,0.0289315568904082,-2.483571767807007,0.0,0.03154211491346359,-2.483571767807007,1033,1.542286475499471,0.001,-2.5671144326527915,1.6036297082901
188,5.79,6,5.79,172,1155,-2.5094497998555503,0.04019107359151045,-2.617307424545288,0.0,0.06849464029073715,-2.617307424545288,1056,1.622615377108256,0.001,-2.5094497998555503,1.5844448804855347
192,5.79,6,5.79,172,1178,-2.468665917714437,0.037109008679787316,-2.5330755710601807,0.0,0.05367525294423103,-2.5330755710601807,1079,1.641849160194397,0.001,-2.468665917714437,1.5689300298690796
196,5.79,6,5.79,172,1202,-2.527099053064982,0.02961524451772372,-2.575091600418091,0.0,0.033308252692222595,-2.575091600418091,1102,1.6433098713556926,0.001,-2.527099053064982,1.5960421562194824
200,5.79,7,5.79,171,1224,-2.5655455589294434,0.03922475688159466,-2.5862557888031006,0.0,0.031141426414251328,-2.5862557888031006,1124,1.637037952740987,0.001,-2.5655455589294434,1.5973824262619019
204,5.8,7,5.8,171,1248,-2.6675096352895102,0.025048426818102598,-2.660236120223999,0.0,0.03171581029891968,-2.660236120223999,1148,1.564387559890747,0.001,-2.6675096352895102,1.5512882471084595
208,5.81,7,5.81,171,1272,-2.68888521194458,0.04426811449229717,-2.7571568489074707,0.0,0.024935591965913773,-2.7571568489074707,1172,1.5631531079610188,0.001,-2.68888521194458,1.5730667114257812
212,5.81,7,5.81,170,1295,-2.630415916442871,0.03592863058050474,-2.721865177154541,0.0,0.03593122586607933,-2.721865177154541,1196,1.621511459350586,0.001,-2.630415916442871,1.603119969367981
216,5.8,7,5.8,170,1317,-2.534825921058655,0.04245093315839767,-2.568336009979248,0.0,0.019258376210927963,-2.568336009979248,1217,1.685052752494812,0.001,-2.534825921058655,1.6718899011611938
220,5.8,7,5.8,170,1340,-2.5527032216389975,0.04553277641534805,-2.555677652359009,0.0,0.10846509039402008,-2.555677652359009,1240,1.68220853805542,0.001,-2.5527032216389975,1.5941128730773926
224,5.8,8,5.8,170,1364,-2.5883209705352783,0.05683326286574205,-2.441270589828491,0.0,0.04547834396362305,-2.441270589828491,1264,1.651523192723592,0.001,-2.5883209705352783,1.703749179840088
228,5.79,8,5.79,170,1387,-2.625573515892029,0.04208122342824936,-2.5656161308288574,0.0,0.04537248611450195,-2.5656161308288574,1287,1.6445106863975525,0.001,-2.625573515892029,1.6705069541931152
232,5.78,8,5.78,169,1410,-2.7375333309173584,0.03303394466638565,-2.8735132217407227,0.0,0.02467169240117073,-2.8735132217407227,1310,1.6203136046727498,0.001,-2.7375333309173584,1.579339623451233
236,5.78,8,5.78,169,1433,-2.7731810808181763,0.04003658518195152,-2.8358280658721924,0.0,0.044437095522880554,-2.8358280658721924,1333,1.601886510848999,0.001,-2.7731810808181763,1.5606420040130615
240,5.78,8,5.78,169,1455,-2.720008969306946,0.07612887993454934,-2.7247977256774902,0.0,0.048829346895217896,-2.7247977256774902,1355,1.651762068271637,0.001,-2.720008969306946,1.6417851448059082
244,5.78,8,5.78,169,1478,-2.7984577814737954,0.036834708601236346,-2.960488796234131,0.0,0.04036443307995796,-2.960488796234131,1378,1.595405141512553,0.001,-2.7984577814737954,1.47989821434021
248,5.77,8,5.77,169,1501,-2.7937662601470947,0.038292049119869866,-2.8046300411224365,0.0,0.038762904703617096,-2.8046300411224365,1401,1.601519783337911,0.001,-2.7937662601470947,1.5835506916046143
252,5.76,9,5.76,169,1524,-2.8108819325764975,0.07765005230903625,-2.6846559047698975,0.0,0.030494846403598785,-2.6846559047698975,1424,1.6136716206868489,0.001,-2.8108819325764975,1.6587976217269897
256,5.76,9,5.76,168,1548,-2.9086431662241616,0.04286772571504116,-2.9022417068481445,0.0,0.029842102900147438,-2.9022417068481445,1448,1.5508582989374797,0.001,-2.9086431662241616,1.5753484964370728
260,5.77,9,5.77,168,1572,-2.89106822013855,0.03474856602648894,-3.023149251937866,0.0,0.06069422513246536,-3.023149251937866,1472,1.5869572162628174,0.001,-2.89106822013855,1.5115127563476562
264,5.78,9,5.78,168,1596,-2.809619744618734,0.03096235729753971,-2.947322368621826,0.0,0.020893968641757965,-2.947322368621826,1496,1.6437914768854778,0.001,-2.809619744618734,1.5689834356307983
268,5.79,9,5.79,168,1620,-2.779545466105143,0.04035004942367474,-2.714996814727783,0.0,0.040860019624233246,-2.714996814727783,1520,1.6564486821492512,0.001,-2.779545466105143,1.6259316205978394
272,5.78,9,5.78,168,1643,-2.933754801750183,0.03703225739300251,-2.8905529975891113,0.0,0.028859661892056465,-2.8905529975891113,1543,1.567380428314209,0.001,-2.933754801750183,1.6130512952804565
276,5.79,9,5.79,168,1667,-2.9073943297068277,0.03195608562479416,-2.96433687210083,0.0,0.04273686558008194,-2.96433687210083,1567,1.6016424496968586,0.001,-2.9073943297068277,1.5667741298675537
280,5.81,10,5.81,168,1691,-2.9206717014312744,0.05110575444996357,-3.08017897605896,0.0,0.12608784437179565,-3.08017897605896,1591,1.5896992683410645,0.001,-2.9206717014312744,1.5086458921432495
284,5.81,10,5.81,167,1714,-2.9406763712565103,0.034257888048887256,-3.013357162475586,0.0,0.028964050114154816,-3.013357162475586,1614,1.6284064849217732,0.001,-2.9406763712565103,1.5751912593841553
288,5.83,10,5.83,167,1738,-2.874520699183146,0.04552543722093105,-2.73681640625,0.0,0.05281009525060654,-2.73681640625,1638,1.6389893293380737,0.001,-2.874520699183146,1.6924468278884888
292,5.84,10,5.84,167,1762,-3.0510365962982178,0.051539975528915725,-3.1423821449279785,0.0,0.022407088428735733,-3.1423821449279785,1662,1.550654411315918,0.001,-3.0510365962982178,1.4952433109283447
296,5.84,10,5.84,167,1786,-2.7978641986846924,0.0447423942387104,-2.800769567489624,0.0,0.051773861050605774,-2.800769567489624,1686,1.6710970004399617,0.001,-2.7978641986846924,1.6972206830978394
300,5.86,10,5.86,167,1810,-2.961677312850952,0.03178728651255369,-3.1361711025238037,0.0,0.03544244170188904,-3.1361711025238037,1710,1.6417198578516643,0.001,-2.961677312850952,1.5869300365447998
304,5.85,10,5.85,167,1833,-2.9546426932017007,0.025493817403912544,-2.8552255630493164,0.0,0.022729486227035522,-2.8552255630493164,1734,1.618606170018514,0.001,-2.9546426932017007,1.6451843976974487
308,5.84,11,5.84,167,1856,-2.867145299911499,0.037463708966970447,-3.0038061141967773,0.0,0.031994953751564026,-3.0038061141967773,1756,1.6680306990941365,0.001,-2.867145299911499,1.57746422290802
312,5.85,11,5.85,167,1880,-2.908738692601522,0.03594150270024935,-2.9319965839385986,0.0,0.038144923746585846,-2.9319965839385986,1780,1.6677658160527546,0.001,-2.908738692601522,1.6497901678085327
316,5.87,11,5.87,166,1904,-2.99027951558431,0.031980229852100216,-2.8172783851623535,0.0,0.04156672954559326,-2.8172783851623535,1804,1.6319363117218018,0.001,-2.99027951558431,1.7337441444396973
320,5.88,11,5.88,166,1928,-2.924328565597534,0.0636956716577212,-2.959299325942993,0.0,0.12288954108953476,-2.959299325942993,1828,1.6807150840759277,0.001,-2.924328565597534,1.638808250427246
324,5.87,11,5.87,166,1951,-2.9665683110555015,0.04662699997425079,-3.1087663173675537,0.0,0.04680684208869934,-3.1087663173675537,1851,1.6479376554489136,0.001,-2.9665683110555015,1.6453531980514526
328,5.87,11,5.87,166,1974,-3.075782219568888,0.033952003344893456,-3.1872453689575195,0.0,0.026657994836568832,-3.1872453689575195,1874,1.5952367782592773,0.001,-3.075782219568888,1.530578851699829
332,5.88,11,5.88,166,1998,-2.9986154238382974,0.03188076987862587,-3.072197198867798,0.0,0.024911262094974518,-3.072197198867798,1898,1.6450422604878743,0.001,-2.9986154238382974,1.601866364479065
336,5.89,12,5.89,166,2022,-3.0534977118174234,0.08449807328482468,-3.042118549346924,0.0,0.034282952547073364,-3.042118549346924,1922,1.6301216284434001,0.001,-3.0534977118174234,1.6468132734298706
340,5.92,12,5.92,166,2047,-2.874579429626465,0.03671623872859137,-2.8326196670532227,0.0,0.03636323660612106,-2.8326196670532227,1947,1.7021646896998088,0.001,-2.874579429626465,1.6968847513198853
344,5.93,12,5.93,166,2071,-3.005970319112142,0.04771008218328158,-2.913985013961792,0.0,0.06015452742576599,-2.913985013961792,1971,1.6439838409423828,0.001,-3.005970319112142,1.6506807804107666
348,7.0,12,7.0,173,2201,-3.1616331338882446,0.050224514944212775,-3.1258394718170166,0.0,0.09694814682006836,-3.1258394718170166,1996,0.98325976729393,0.001,-3.1616331338882446,0.7653196454048157
352,7.23,13,7.23,166,2247,-3.5109010140101113,0.07527233598132928,-3.622034788131714,0.0,0.20536550879478455,-3.622034788131714,2139,1.1704254349072774,0.001,-3.5109010140101113,1.0993374586105347
356,7.42,13,7.42,166,2290,-3.6704257011413572,0.05414048872060246,-3.538975238800049,0.0,0.04294551536440849,-3.538975238800049,2186,1.0976802468299867,0.001,-3.6704257011413572,1.2537517547607422
360,7.74,14,7.74,166,2346,-3.711824825831822,0.08398608987530072,-3.684912919998169,0.0,0.03453673794865608,-3.684912919998169,2239,0.9886372174535479,0.001,-3.711824825831822,1.018810510635376
364,8.64,14,8.64,166,2460,-3.8494139909744263,0.09949314413648663,-4.366625785827637,0.0,0.05270873382687569,-4.366625785827637,2339,0.9592556357383728,0.001,-3.8494139909744263,0.67058926820755
368,9.36,15,9.36,166,2556,-4.138117604785496,0.11289674455398008,-4.129425525665283,0.0,0.04279247298836708,-4.129425525665283,2437,0.9284384118186103,0.001,-4.138117604785496,0.9203075766563416
372,10.16,15,10.16,166,2659,-4.259335245404925,0.10728762844311339,-4.491163730621338,0.0,0.15513217449188232,-4.491163730621338,2534,0.9594156273773738,0.001,-4.259335245404925,0.8568640947341919
376,11.87,17,11.87,165,2854,-4.558701356252034,0.08853911948019424,-4.944396018981934,0.0,0.09437860548496246,-4.944396018981934,2738,0.8803490201632181,0.001,-4.558701356252034,0.8524969816207886
380,13.56,18,13.56,167,3047,-4.8666183527778175,0.10619813331694745,-5.050215244293213,0.0,0.09434568881988525,-5.050215244293213,2892,0.9287217311999377,0.001,-4.8666183527778175,0.7969194054603577
384,20.38,21,20.38,174,3752,-5.831265821176417,0.15821845333694534,-5.908716201782227,0.0,0.059629857540130615,-5.908716201782227,3418,0.7529281899333,0.001,-5.831265821176417,0.7783803939819336
388,25.56,25,25.56,168,4294,-7.421368524432182,0.16178800543957902,-8.234969139099121,0.0,0.1245291531085968,-8.234969139099121,4091,0.6550602121278644,0.001,-7.421368524432182,0.6585053205490112
392,30.12,28,30.12,168,4774,-8.360957017020574,0.23860421296954154,-8.144655227661133,0.0,0.1421499401330948,-8.144655227661133,4552,0.6583384388969058,0.001,-8.360957017020574,0.8283384442329407
396,34.27,31,34.27,166,5213,-9.314132281712123,0.2910069749094881,-9.705548286437988,0.0,1.8094656467437744,-9.705548286437988,5020,0.6174830027988979,0.001,-9.314132281712123,0.6677894592285156
400,37.81,33,37.81,166,5591,-10.028234659239303,0.28173221938911525,-10.196622848510742,0.0,0.0864221528172493,-10.196622848510742,5399,0.5923475006292033,0.001,-10.028234659239303,0.6710507273674011
404,41.71,36,41.71,165,6004,-10.998894725527082,0.41077661890107975,-10.913493156433105,0.0,0.6856215000152588,-10.913493156433105,5849,0.5562558807432652,0.001,-10.998894725527082,0.6199877262115479
408,45.15,38,45.15,166,6371,-11.560464877708286,0.48162171215403315,-11.52999496459961,0.0,0.2906283140182495,-11.52999496459961,6150,0.5533570436870351,0.001,-11.560464877708286,0.515876829624176
412,49.76,41,49.76,166,6856,-12.386208724975585,0.5799153454659521,-11.707468032836914,0.0,2.933786153793335,-11.707468032836914,6640,0.520788423373149,0.001,-12.386208724975585,0.5694526433944702
416,53.98,44,53.98,165,7302,-13.26680580262215,0.5563471674071094,-12.873701095581055,0.0,0.13997802138328552,-12.873701095581055,7096,0.5550414708352858,0.001,-13.26680580262215,0.5692217350006104
420,58.97,47,58.97,166,7825,-13.988018242518107,0.6692055204585821,-15.28172779083252,0.0,0.18971394002437592,-15.28172779083252,7602,0.5646191040674845,0.001,-13.988018242518107,0.5472505688667297
424,63.69,50,63.69,165,8320,-14.776471773783365,0.41487808732834075,-15.364534378051758,0.0,0.20328649878501892,-15.364534378051758,8097,0.5510268653884078,0.001,-14.776471773783365,0.5514435172080994
428,68.44,53,68.44,165,8818,-15.373197345410363,0.4755087747412213,-15.180548667907715,0.0,0.16391028463840485,-15.180548667907715,8597,0.5517198059518459,0.001,-15.373197345410363,0.6875788569450378
432,73.02,56,73.02,165,9300,-16.229624681305467,0.5616506796363181,-17.55685806274414,0.0,0.19605612754821777,-17.55685806274414,9070,0.551478644212087,0.001,-16.229624681305467,0.5772607922554016
436,77.46,59,77.46,165,9768,-16.76258306503296,0.7471397346506516,-16.786176681518555,0.0,0.11865390837192535,-16.786176681518555,9559,0.5424313356479009,0.001,-16.76258306503296,0.4904937744140625
440,82.18,62,82.18,165,10265,-17.70383447216403,0.46934617149829866,-18.390737533569336,0.0,0.25487834215164185,-18.390737533569336,10041,0.4996195935433911,0.001,-17.70383447216403,0.4351467490196228
444,87.17,65,87.17,165,10788,-18.169525381234976,0.58403116851583,-18.954355239868164,0.0,0.2090381383895874,-18.954355239868164,10556,0.4529282258107112,0.001,-18.169525381234976,0.4630053639411926
448,91.26,68,91.26,165,11327,-18.85624426061457,0.6902833683134029,-20.271549224853516,0.0,0.2769477367401123,-20.271549224853516,11082,0.4093490748694449,0.001,-18.85624426061457,0.39061465859413147
452,96.41,71,96.41,165,11888,-19.63277173653627,0.5061812896401652,-18.20656394958496,0.0,0.5629897117614746,-18.20656394958496,11658,0.4409832652562704,0.001,-19.63277173653627,0.561115562915802
456,101.4,75,101.4,165,12430,-20.29221449036529,0.624813607637433,-21.596479415893555,0.0,5.769021987915039,-21.596479415893555,12195,0.3957313873629639,0.001,-20.29221449036529,0.33209463953971863
460,106.58,78,106.58,165,13004,-20.777674674987793,0.6658919666354594,-19.10848045349121,0.0,0.5029098987579346,-19.10848045349121,12759,0.38389043862882416,0.001,-20.777674674987793,0.39423632621765137
464,111.68,82,111.68,165,13628,-21.891684161292183,0.8898321326587584,-20.840375900268555,0.0,0.2816188335418701,-20.840375900268555,13380,0.40063483806120026,0.001,-21.891684161292183,0.4817700982093811
468,116.0,85,116.0,164,14156,-22.49548642085149,0.621048932653347,-21.974105834960938,0.0,0.4176793694496155,-21.974105834960938,13935,0.35673145926915684,0.001,-22.49548642085149,0.25180014967918396
472,120.95,89,120.95,165,14754,-22.961993923434964,0.6232865065336227,-22.30953598022461,0.0,0.43946003913879395,-22.30953598022461,14513,0.3537959539658063,0.001,-22.961993923434964,0.37864387035369873
476,124.66,92,124.66,165,15320,-23.427857560377856,0.6787032612241232,-23.95697784423828,0.0,0.2459980547428131,-23.95697784423828,15070,0.3237767574878839,0.001,-23.427857560377856,0.30275076627731323
480,128.09,96,128.09,164,15856,-24.092753423403387,0.9473572304497843,-22.948392868041992,0.0,1.379112958908081,-22.948392868041992,15632,0.2929312880725077,0.001,-24.092753423403387,0.33628329634666443
484,126.74,99,126.74,164,16426,-24.98822832107544,0.7525615548646009,-24.76704978942871,0.0,0.8354082107543945,-24.76704978942871,16190,0.2531382537939969,0.001,-24.98822832107544,0.22288505733013153
488,126.88,103,126.88,164,16982,-25.436472536912603,0.7478270163138707,-24.683837890625,0.0,0.2023473083972931,-24.683837890625,16745,0.28458951080023354,0.001,-25.436472536912603,0.38999465107917786
492,128.01,106,128.01,164,17575,-25.76346863927068,0.7416674946846605,-24.654422760009766,0.0,0.4048030972480774,-24.654422760009766,17340,0.27496502850506754,0.001,-25.76346863927068,0.3016470968723297
496,129.53,110,129.53,164,18166,-26.559347848634463,0.6939688571947533,-27.272361755371094,0.0,0.3374760150909424,-27.272361755371094,17917,0.2596121903609585,0.001,-26.559347848634463,0.24101395905017853
500,131.62,113,131.62,164,18753,-26.59829813639323,0.44624085346857706,-25.406869888305664,0.0,0.2423103153705597,-25.406869888305664,18506,0.25920746982097626,0.001,-26.59829813639323,0.3399655222892761
504,133.75,117,133.75,164,19379,-27.39580024043216,0.7901869614290286,-26.14712142944336,0.0,0.5622388124465942,-26.14712142944336,19121,0.2443774500979653,0.001,-27.39580024043216,0.3047560453414917
508,136.61,121,136.61,164,20032,-27.783341431617735,0.7911119513541648,-26.193666458129883,0.0,1.2681794166564941,-26.193666458129883,19772,0.22087174598127604,0.001,-27.783341431617735,0.22681468725204468
512,138.86,125,138.86,165,20742,-28.60536721547445,0.7092171318829059,-27.873153686523438,0.0,1.2432599067687988,-27.873153686523438,20456,0.20620232017503845,0.001,-28.60536721547445,0.20026537775993347
516,141.5,130,141.5,164,21452,-29.029244271191683,0.7770000588468143,-30.239791870117188,0.0,0.3141900300979614,-30.239791870117188,21186,0.2296099573035132,0.001,-29.029244271191683,0.21715445816516876
520,143.24,134,143.24,164,22149,-29.900725118229897,0.9532211867443631,-30.87664794921875,0.0,0.9548025131225586,-30.87664794921875,21883,0.2490309656001209,0.001,-29.900725118229897,0.20700794458389282
524,144.72,138,144.72,164,22792,-30.167613007805564,0.8408987068317153,-30.373708724975586,0.0,0.33967325091362,-30.373708724975586,22544,0.26423412798480556,0.001,-30.167613007805564,0.2931758165359497
528,146.2,142,146.2,164,23438,-30.748053906911828,0.8228964107389936,-30.844003677368164,0.0,1.1902127265930176,-30.844003677368164,23185,0.24692934428352908,0.001,-30.748053906911828,0.2658887207508087
532,148.6,146,148.6,164,24160,-31.40080327987671,0.7144648645073175,-31.946420669555664,0.0,0.2925494909286499,-31.946420669555664,23873,0.2804656890034676,0.001,-31.40080327987671,0.2958013415336609
536,150.09,150,150.09,164,24777,-31.940016055107115,0.6657399069517851,-31.607065200805664,0.0,0.6605126261711121,-31.607065200805664,24533,0.2906153092160821,0.001,-31.940016055107115,0.2736077308654785
540,151.52,154,151.52,164,25417,-32.571377265147675,0.8024075457300895,-32.39422607421875,0.0,0.7827399373054504,-32.39422607421875,25174,0.2794839355808038,0.001,-32.571377265147675,0.2607080340385437
544,152.96,158,152.96,164,26084,-32.364765062724075,0.8588627926549133,-32.481929779052734,0.0,0.5735043883323669,-32.481929779052734,25801,0.26196285939379915,0.001,-32.364765062724075,0.29459652304649353
548,155.05,162,155.05,164,26832,-33.36367849124375,0.7364260140125469,-31.95369529724121,0.0,0.23309144377708435,-31.95369529724121,26543,0.24636146746655946,0.001,-33.36367849124375,0.1632387489080429
552,156.97,167,156.97,164,27585,-33.76608231141395,0.7676254301187918,-32.507957458496094,0.0,1.1857001781463623,-32.507957458496094,27311,0.24215228517645412,0.001,-33.76608231141395,0.2560744285583496
556,159.38,172,159.38,164,28368,-33.622964092136655,0.6775300274292628,-34.23533248901367,0.0,1.2422921657562256,-34.23533248901367,28063,0.2281252370052731,0.001,-33.622964092136655,0.19337600469589233
560,161.72,177,161.72,164,29176,-34.47587559010723,0.6689722934379954,-33.627349853515625,0.0,0.32330062985420227,-33.627349853515625,28881,0.23638501084677063,0.001,-34.47587559010723,0.22993335127830505
564,163.3,181,163.3,164,29958,-35.15263526844529,0.5978500808768429,-35.59879684448242,0.0,0.1625940203666687,-35.59879684448242,29661,0.23578187865468692,0.001,-35.15263526844529,0.28212806582450867
568,166.26,187,166.26,164,30782,-35.61191526714124,0.7267524634536944,-37.22977828979492,0.0,3.464099407196045,-37.22977828979492,30498,0.2775120455967753,0.001,-35.61191526714124,0.25117114186286926
572,168.05,191,168.05,164,31559,-36.21744571867443,0.8388156378198237,-39.18130111694336,0.0,2.8892359733581543,-39.18130111694336,31283,0.270541241197359,0.001,-36.21744571867443,0.3241444230079651
576,170.77,196,170.77,164,32397,-36.73945256496997,0.5526828430395908,-37.430397033691406,0.0,0.14922088384628296,-37.430397033691406,32079,0.31307975900300006,0.001,-36.73945256496997,0.2409793734550476
580,172.79,201,172.79,164,33135,-37.606649625869025,0.757005741731042,-36.676570892333984,0.0,0.6138702630996704,-36.676570892333984,32849,0.3109893181494304,0.001,-37.606649625869025,0.2520114779472351
584,173.98,205,173.98,164,33824,-37.64675594511486,0.5553930912321136,-42.50209045410156,0.0,0.87432861328125,-42.50209045410156,33557,0.3112188852613881,0.001,-37.64675594511486,0.3855004906654358
588,177.05,210,177.05,164,34687,-38.30940959764563,0.6628043045213212,-37.15254211425781,0.0,0.5357838273048401,-37.15254211425781,34399,0.342140204232672,0.001,-38.30940959764563,0.36464163661003113
592,179.93,216,179.93,164,35568,-38.56683572622446,0.6730292507686377,-40.579750061035156,0.0,0.33788663148880005,-40.579750061035156,35287,0.36155246450350836,0.001,-38.56683572622446,0.3566473424434662
596,182.01,221,182.01,164,36367,-39.008690064211926,0.9759533644979259,-40.47669219970703,0.0,0.9290172457695007,-40.47669219970703,36097,0.26585322726203736,0.001,-39.008690064211926,0.2905904948711395
600,192.55,230,192.55,165,38008,-40.57932946402267,0.8636379242775827,-35.45790481567383,0.0,0.28246432542800903,-35.45790481567383,37560,0.26298001575070384,0.001,-40.57932946402267,0.26661190390586853
604,194.0,236,194.0,164,38779,-41.45280742645264,0.9966258526004422,-42.44223403930664,0.0,0.24607881903648376,-42.44223403930664,38506,0.29466501623392105,0.001,-41.45280742645264,0.279477596282959
608,195.49,240,195.49,164,39581,-41.83807438441685,0.7118840954133443,-43.06250762939453,0.0,0.5264183282852173,-43.06250762939453,39292,0.2492235067344847,0.001,-41.83807438441685,0.27618005871772766
612,198.14,246,198.14,164,40556,-42.58347350358963,0.7874894525157288,-42.71354293823242,0.0,1.697453498840332,-42.71354293823242,40194,0.24182638025376946,0.001,-42.58347350358963,0.21565063297748566
616,200.37,252,200.37,164,41489,-43.47957685042401,0.8194558691917634,-42.92984390258789,0.0,0.4111980199813843,-42.92984390258789,41121,0.28607810349488744,0.001,-43.47957685042401,0.33967575430870056
620,204.19,258,204.19,164,42568,-43.74348970738853,0.7203516014738054,-41.88534927368164,0.0,0.7009697556495667,-41.88534927368164,42232,0.29972328599996684,0.001,-43.74348970738853,0.25380733609199524
624,208.06,265,208.06,164,43598,-44.42931083396629,0.7024416618568953,-43.439422607421875,0.0,0.5325617790222168,-43.439422607421875,43282,0.307493583333713,0.001,-44.42931083396629,0.3164835572242737
628,210.06,270,210.06,164,44444,-44.6602974749626,0.9858739945308241,-44.78995132446289,0.0,0.4228266477584839,-44.78995132446289,44095,0.27137542119685637,0.001,-44.6602974749626,0.19266383349895477
632,211.89,276,211.89,164,45349,-45.25488616802074,0.6412562360228212,-47.54541015625,0.0,0.5770404934883118,-47.54541015625,45079,0.2844422799017694,0.001,-45.25488616802074,0.29705455899238586
636,214.88,281,214.88,164,46265,-45.946643787425955,0.5777769472327207,-46.49469757080078,0.0,0.4807804226875305,-46.49469757080078,45946,0.2850718910877521,0.001,-45.946643787425955,0.30661770701408386
640,216.88,286,216.88,164,47105,-46.15195207141694,0.7298552273284822,-43.99984359741211,0.0,0.24489125609397888,-43.99984359741211,46808,0.30141160119147525,0.001,-46.15195207141694,0.24590067565441132
644,218.89,292,218.89,164,47973,-46.39048082803942,0.7496856884243562,-45.752845764160156,0.0,0.2852398455142975,-45.752845764160156,47687,0.32465509901341705,0.001,-46.39048082803942,0.3580029606819153
648,219.59,297,219.59,164,48791,-46.973013285044075,0.7863447412247081,-48.347293853759766,0.0,0.7559326887130737,-48.347293853759766,48507,0.2971608018552935,0.001,-46.973013285044075,0.3088836669921875
652,219.56,301,219.56,164,49541,-47.10024156241581,0.5770572594910688,-46.7226448059082,0.0,0.3804236054420471,-46.7226448059082,49234,0.3257294499326026,0.001,-47.10024156241581,0.2881441116333008
656,219.41,306,219.41,164,50309,-47.611620405445926,0.8001904017089502,-44.11122131347656,0.0,0.23668549954891205,-44.11122131347656,50040,0.3244280653155368,0.001,-47.611620405445926,0.39180460572242737
660,219.19,311,219.19,164,51095,-48.13785244556183,0.6824594731368716,-46.84629440307617,0.0,0.6721980571746826,-46.84629440307617,50827,0.2922662000389809,0.001,-48.13785244556183,0.2935440242290497
664,218.61,315,218.61,164,51819,-48.16580906320125,0.9796113260090351,-48.29803466796875,0.0,0.3405311405658722,-48.29803466796875,51552,0.2841281589675457,0.001,-48.16580906320125,0.20507580041885376
668,218.24,320,218.24,164,52606,-48.871612940993266,0.9068936816123729,-48.95949172973633,0.0,0.27058345079421997,-48.95949172973633,52334,0.30654826217165615,0.001,-48.871612940993266,0.3029193580150604
672,220.35,325,220.35,164,53594,-48.57336575644357,0.6192298370546528,-53.4605598449707,0.0,1.889892339706421,-53.4605598449707,53190,0.2917190932535699,0.001,-48.57336575644357,0.2708955407142639
676,221.85,332,221.85,164,54582,-49.25363916339296,0.9805392575534907,-50.63888168334961,0.0,3.6930489540100098,-50.63888168334961,54204,0.2827174836261706,0.001,-49.25363916339296,0.2911015748977661
680,225.52,339,225.52,164,55687,-49.71464180652006,0.7393058714667341,-51.07435607910156,0.0,0.2577035427093506,-51.07435607910156,55336,0.28853926062583923,0.001,-49.71464180652006,0.25181782245635986
684,233.16,347,233.16,164,57140,-50.05373434448242,0.7512522349059582,-51.80794906616211,0.0,0.397377073764801,-51.80794906616211,56663,0.3141862191557884,0.001,-50.05373434448242,0.28551965951919556
688,242.96,357,242.96,164,58983,-50.51561724853516,0.5968738200962543,-47.13614273071289,0.0,0.4621785879135132,-47.13614273071289,58389,0.30782299786806105,0.001,-50.51561724853516,0.29203763604164124
692,250.95,368,250.95,164,60663,-51.4103616142273,0.6872448223270475,-53.05580139160156,0.0,0.2746694087982178,-53.05580139160156,60069,0.2869179706275463,0.001,-51.4103616142273,0.2759474217891693
696,262.96,380,262.96,164,62663,-52.55019590759277,0.548702518492937,-50.35771560668945,0.0,0.3324483633041382,-50.35771560668945,62069,0.2841162796616554,0.001,-52.55019590759277,0.23055537045001984
700,266.55,392,266.55,164,64663,-53.900831619262696,0.7567282046675682,-56.30478286743164,0.0,0.45711296796798706,-56.30478286743164,64069,0.31367202019691465,0.001,-53.900831619262696,0.3432922959327698
704,278.84,404,278.84,164,66663,-55.04304931640625,0.8209234826564789,-56.80323028564453,0.0,0.20910030603408813,-56.80323028564453,66069,0.31558210027217865,0.001,-55.04304931640625,0.30709922313690186
708,290.82,417,290.82,164,68663,-56.23772744750976,0.4625317345708609,-60.05978012084961,0.0,0.2320859432220459,-60.05978012084961,68069,0.29893433254957197,0.001,-56.23772744750976,0.29549282789230347
712,301.07,429,301.07,164,70663,-57.64169845581055,0.48579341706633566,-58.464599609375,0.0,0.26088032126426697,-58.464599609375,70069,0.31858065140247344,0.001,-57.64169845581055,0.32437554001808167
716,311.74,441,311.74,164,72663,-59.1757293548584,0.6045568100512028,-64.64830780029297,0.0,0.27850908041000366,-64.64830780029297,72069,0.3457174647450447,0.001,-59.1757293548584,0.33604365587234497
720,320.95,454,320.95,164,74663,-59.78580377197266,0.7505534201860428,-62.802284240722656,0.0,0.2892468273639679,-62.802284240722656,74069,0.3829734983444214,0.001,-59.78580377197266,0.40609320998191833
724,329.3,465,329.3,164,76528,-61.10952864074707,0.5589319165050983,-64.6056900024414,0.0,0.1446930468082428,-64.6056900024414,75934,0.3683530049324036,0.001,-61.10952864074707,0.332538366317749
728,339.41,476,339.41,164,78385,-61.98555635070801,0.6006455427110196,-60.84002685546875,0.0,0.16930943727493286,-60.84002685546875,77791,0.37082346189022064,0.001,-61.98555635070801,0.39492282271385193
732,349.53,488,349.53,164,80302,-62.53343119812012,0.8389466599225998,-63.1463737487793,0.0,0.44077348709106445,-63.1463737487793,79708,0.4058308149576187,0.001,-62.53343119812012,0.4242360591888428
736,360.37,500,360.37,164,82302,-63.70540449523926,0.7742029262781143,-63.40827941894531,0.0,0.3224019408226013,-63.40827941894531,81708,0.3783870096206665,0.001,-63.70540449523926,0.36952513456344604
740,370.39,512,370.39,164,84144,-64.95196839173634,0.7533659546170384,-66.4488296508789,0.0,0.34465450048446655,-66.4488296508789,83550,0.4233437778117756,0.001,-64.95196839173634,0.3857833743095398
744,381.34,524,381.34,164,86107,-65.15001306152344,0.474852529540658,-66.1301498413086,0.0,0.22768647968769073,-66.1301498413086,85513,0.41256838846206667,0.001,-65.15001306152344,0.46625956892967224
748,393.16,536,393.16,164,88107,-66.07614305114745,0.5692623105198145,-64.1681900024414,0.0,0.1912659853696823,-64.1681900024414,87513,0.4479756736755371,0.001,-66.07614305114745,0.4518028497695923
752,405.66,548,405.66,164,90107,-67.07800482177734,0.6441316344290972,-68.42903900146484,0.0,0.22766897082328796,-68.42903900146484,89513,0.4383191336393356,0.001,-67.07800482177734,0.468187540769577
756,417.98,561,417.98,164,92107,-67.87352600097657,0.4791604448109865,-69.47211456298828,0.0,0.3955780267715454,-69.47211456298828,91513,0.40485600221157075,0.001,-67.87352600097657,0.313007652759552
760,430.12,573,430.12,164,94107,-68.4377279663086,0.570481044948101,-71.8428955078125,0.0,0.23354440927505493,-71.8428955078125,93513,0.3932785189151764,0.001,-68.4377279663086,0.3966347277164459
764,442.88,586,442.88,163,96107,-69.48692044067383,0.529243859782815,-71.59025573730469,0.0,0.1930169314146042,-71.59025573730469,95513,0.3850872139930725,0.001,-69.48692044067383,0.42469194531440735
768,455.01,598,455.01,163,98107,-70.52517504882813,0.5709367755502462,-68.88368225097656,0.0,0.16915065050125122,-68.88368225097656,97513,0.41206317603588105,0.001,-70.52517504882813,0.3626424968242645
772,465.13,610,465.13,163,100107,-71.64593873596192,0.6293856191039086,-74.53634643554688,0.0,0.09704413264989853,-74.53634643554688,99513,0.43300947415828706,0.001,-71.64593873596192,0.4550408720970154
776,475.25,623,475.25,163,102107,-72.2033840637207,0.6545026861429214,-74.35417938232422,0.0,0.22074823081493378,-74.35417938232422,101513,0.5173598042726517,0.001,-72.2033840637207,0.6009004712104797
780,484.2,635,484.2,163,104107,-73.74699114990234,0.5577548521012068,-77.19737243652344,0.0,3.9940969944000244,-77.19737243652344,103513,0.5537462192773819,0.001,-73.74699114990234,0.6141895651817322
784,489.67,648,489.67,163,106107,-74.00222659301758,0.4809456001520157,-69.1871337890625,0.0,0.10077279806137085,-69.1871337890625,105513,0.521608260512352,0.001,-74.00222659301758,0.4364919066429138
788,491.24,660,491.24,163,108107,-74.53184371948242,0.3913057215511799,-77.35704803466797,0.0,0.16506214439868927,-77.35704803466797,107513,0.522087185382843,0.001,-74.53184371948242,0.5095828175544739
792,494.44,673,494.44,163,110107,-75.14488082885742,0.5184764686301351,-79.88548278808594,0.0,0.3144671320915222,-79.88548278808594,109513,0.5774441560506821,0.001,-75.14488082885742,0.6049705147743225
796,494.44,685,494.44,163,112107,-75.82364953613282,0.3835616221576929,-78.24790954589844,0.0,0.18463394045829773,-78.24790954589844,111513,0.5549510282278061,0.001,-75.82364953613282,0.5543698072433472
800,494.44,697,494.44,163,114107,-75.88664920043945,0.3169562605321407,-71.18974304199219,0.0,0.1568083018064499,-71.18974304199219,113513,0.5231527926921844,0.001,-75.88664920043945,0.49486300349235535
804,494.44,710,494.44,163,116107,-76.59230313110352,0.3326161944195628,-73.36759185791016,0.0,0.15483948588371277,-73.36759185791016,115513,0.5693096815347671,0.001,-76.59230313110352,0.5732865929603577
808,494.44,722,494.44,163,118107,-77.03352447509765,0.3978250918388367,-77.74100494384766,0.0,0.12431200593709946,-77.74100494384766,117513,0.6158546417951584,0.001,-77.03352447509765,0.6418012976646423
812,494.44,734,494.44,163,120107,-77.98045050048827,0.3764359148442745,-78.5611572265625,0.0,0.1869218796491623,-78.5611572265625,119513,0.6066414768695831,0.001,-77.98045050048827,0.6011697053909302
816,490.19,745,490.19,163,121682,-78.29730521592518,0.503930419883472,-78.26264190673828,0.0,1.1243921518325806,-78.26264190673828,121311,0.46993782316278293,0.001,-78.29730521592518,0.48066088557243347
820,480.99,752,480.99,163,122762,-78.06596245043205,0.3779668530054165,-77.75593566894531,0.0,1.048287034034729,-77.75593566894531,122440,0.43416496551398076,0.001,-78.06596245043205,0.42695853114128113
824,479.94,761,479.94,163,124522,-77.800966796875,0.4135961325839162,-77.97643280029297,0.0,0.26142558455467224,-77.97643280029297,123928,0.4126603353023529,0.001,-77.800966796875,0.38231733441352844
828,481.37,773,481.37,163,126522,-78.1840986328125,0.38644914256036283,-71.59431457519531,0.0,0.5584940314292908,-71.59431457519531,125928,0.5909305238723754,0.001,-78.1840986328125,0.4785137474536896
832,482.2,786,482.2,163,128522,-78.92469485473633,0.3897235728725791,-78.6580810546875,0.0,0.15093155205249786,-78.6580810546875,127928,0.4773435754776001,0.001,-78.92469485473633,0.4862939715385437
836,482.2,798,482.2,163,130522,-79.17016143798828,0.7110123759582638,-72.28623962402344,0.0,0.2982822358608246,-72.28623962402344,129928,0.3858758734464645,0.001,-79.17016143798828,0.39915579557418823
840,483.65,810,483.65,163,132509,-79.52272955322266,0.4205749962106347,-81.65389251708984,0.0,0.16984570026397705,-81.65389251708984,131928,0.32752652859687803,0.001,-79.52272955322266,0.42990440130233765
844,484.02,822,484.02,163,134509,-79.73975296020508,0.3449912952780724,-75.97415161132812,0.0,0.2213689386844635,-75.97415161132812,133915,0.31974450331926346,0.001,-79.73975296020508,0.25640466809272766
848,484.02,834,484.02,163,136509,-80.19832974243164,0.38667019198089836,-79.17729187011719,0.0,0.10795001685619354,-79.17729187011719,135915,0.339812818646431,0.001,-80.19832974243164,0.34956708550453186
852,484.02,847,484.02,163,138509,-80.44252212524414,0.42498274909704925,-81.3419189453125,0.0,0.0927046537399292,-81.3419189453125,137915,0.4678582289218903,0.001,-80.44252212524414,0.48629412055015564
856,484.02,859,484.02,163,140509,-80.53094006347656,0.34069343350082637,-80.2162857055664,0.0,0.65506511926651,-80.2162857055664,139915,0.4975494418144226,0.001,-80.53094006347656,0.49144574999809265
860,484.02,871,484.02,163,142509,-81.16460034179687,0.4493026803806424,-80.360595703125,0.0,0.10104726254940033,-80.360595703125,141915,0.3672274487614632,0.001,-81.16460034179687,0.38002318143844604
864,484.02,884,484.02,163,144509,-81.32960482788086,0.24293452251702546,-79.2466812133789,0.0,0.1857951283454895,-79.2466812133789,143915,0.3720680881738663,0.001,-81.32960482788086,0.3425028920173645
868,484.02,896,484.02,163,146509,-81.63904370117187,0.3884840543344617,-78.74560546875,0.0,0.0655321404337883,-78.74560546875,145915,0.4083245205879211,0.001,-81.63904370117187,0.36231550574302673
872,482.42,907,482.42,163,148349,-81.87195470650208,0.4497644978710416,-81.45148468017578,0.0,0.11132879555225372,-81.45148468017578,147755,0.4352301922925,0.001,-81.87195470650208,0.4220424294471741
876,482.42,919,482.42,163,150349,-82.04357626342774,0.3498266482539475,-79.64534759521484,0.0,0.031137779355049133,-79.64534759521484,149755,0.4672931027412415,0.001,-82.04357626342774,0.3875598907470703
880,482.42,932,482.42,163,152349,-82.30167684936524,0.3427989839687943,-84.4980239868164,0.0,0.1179460808634758,-84.4980239868164,151755,0.44578027236461637,0.001,-82.30167684936524,0.37702226638793945
884,482.42,944,482.42,163,154349,-82.73844641113281,0.34845932471379637,-85.4245376586914,0.0,0.05418627709150314,-85.4245376586914,153755,0.4432478495836258,0.001,-82.73844641113281,0.48138004541397095
888,482.42,956,482.42,163,156349,-83.00079788208008,0.3329998354166746,-84.28379821777344,0.0,0.06750109791755676,-84.28379821777344,155755,0.4673540300130844,0.001,-83.00079788208008,0.5753520131111145
892,482.42,968,482.42,163,158349,-83.4264469909668,0.3371731102913618,-83.53955078125,0.0,0.7066630125045776,-83.53955078125,157755,0.5485659987926483,0.001,-83.4264469909668,0.5273850560188293
896,482.42,981,482.42,163,160349,-83.99043838500977,0.27994339632987975,-84.53935241699219,0.0,0.07052300125360489,-84.53935241699219,159755,0.5710705091953278,0.001,-83.99043838500977,0.5915012955665588
900,482.42,993,482.42,163,162349,-84.30675381469726,0.29526227874308825,-85.09575653076172,0.0,0.07479073107242584,-85.09575653076172,161755,0.596873474240303,0.001,-84.30675381469726,0.567557692527771
904,482.42,1005,482.42,163,164349,-84.41075570678711,0.40596504344791173,-85.14156341552734,0.0,0.11304512619972229,-85.14156341552734,163755,0.6128811161518097,0.001,-84.41075570678711,0.5676120519638062
908,482.42,1017,482.42,163,166349,-85.12252478027344,0.41416395325213673,-84.68064880371094,0.0,0.1939171552658081,-84.68064880371094,165755,0.626417098402977,0.001,-85.12252478027344,0.6684744358062744
912,482.42,1030,482.42,163,168349,-85.35734963989258,0.22423288171738387,-85.97109985351562,0.0,0.15529394149780273,-85.97109985351562,167755,0.5936771267652512,0.001,-85.35734963989258,0.5768866539001465
916,486.67,1042,486.67,163,170349,-86.11079071044922,0.4025088265836239,-88.08818817138672,0.0,0.1233379989862442,-88.08818817138672,169755,0.6867484536170959,0.001,-86.11079071044922,0.7429836988449097
920,495.87,1054,495.87,163,172349,-86.15131594848633,0.28963643858581783,-87.20571899414062,0.0,0.30600079894065857,-87.20571899414062,171755,0.7115756716728211,0.001,-86.15131594848633,0.7327149510383606
924,498.27,1066,498.27,163,174349,-86.54448226928712,0.40810139147937297,-86.34619140625,0.0,0.1250460296869278,-86.34619140625,173755,0.7472635319232941,0.001,-86.54448226928712,0.6683947443962097
928,498.27,1079,498.27,163,176349,-86.95197412109376,0.4161903457567096,-89.49533081054688,0.0,0.5032814741134644,-89.49533081054688,175755,0.687231153011322,0.001,-86.95197412109376,0.6686643958091736
932,498.27,1091,498.27,163,178349,-87.4653777770996,0.395749423712492,-86.03839874267578,0.0,0.08261539041996002,-86.03839874267578,177755,0.6120801658630372,0.001,-87.4653777770996,0.654466986656189
936,498.27,1103,498.27,163,180349,-87.9387146911621,0.41333166656270626,-88.03677368164062,0.0,0.22119995951652527,-88.03677368164062,179755,0.5819304550886154,0.001,-87.9387146911621,0.6188687086105347
940,498.4,1115,498.4,163,182349,-88.15587994384765,0.34403080747276543,-86.34142303466797,0.0,0.08502180874347687,-86.34142303466797,181755,0.583070176243782,0.001,-88.15587994384765,0.6500593423843384
944,498.4,1128,498.4,163,184349,-88.14652764892578,0.32363414072990415,-77.18758392333984,0.0,0.07540763914585114,-77.18758392333984,183755,0.5647463554143906,0.001,-88.14652764892578,0.48908600211143494
948,498.4,1140,498.4,163,186349,-88.1986477355957,0.35251503240317106,-88.05094909667969,0.0,0.04411815106868744,-88.05094909667969,185755,0.5906684991121293,0.001,-88.1986477355957,0.6516944766044617
952,498.4,1152,498.4,163,188349,-88.33210278320313,0.35721128150075676,-89.19158172607422,0.0,0.056515537202358246,-89.19158172607422,187755,0.6920156753063202,0.001,-88.33210278320313,0.6401481628417969
956,498.4,1164,498.4,163,190349,-88.59834475708008,0.34217170972377065,-89.3412857055664,0.0,0.1533975601196289,-89.3412857055664,189755,0.6841503610610962,0.001,-88.59834475708008,0.681268572807312
960,498.4,1177,498.4,163,192349,-88.4900712890625,0.4336171745061874,-84.25960540771484,0.0,0.2320450097322464,-84.25960540771484,191755,0.7182861618995666,0.001,-88.4900712890625,0.6931921243667603
964,498.4,1189,498.4,163,194349,-88.38955239868164,0.263386182539165,-90.03118896484375,0.0,0.06077520549297333,-90.03118896484375,193755,0.5468673660755158,0.001,-88.38955239868164,0.5351161360740662
968,498.4,1201,498.4,163,196349,-88.56277758789062,0.20040339739993215,-89.0740737915039,0.0,0.16364581882953644,-89.0740737915039,195755,0.6516688950061799,0.001,-88.56277758789062,0.6535287499427795
972,500.0,1213,500.0,163,198349,-88.9569248046875,0.616952095463872,-91.30290985107422,0.0,0.4590281844139099,-91.30290985107422,197755,0.7272765326499939,0.001,-88.9569248046875,0.7932864427566528
976,500.0,1225,500.0,163,200349,-88.76013217163086,0.3818943615183234,-86.34718322753906,0.0,0.13036178052425385,-86.34718322753906,199755,0.5959541811943054,0.001,-88.76013217163086,0.6013073325157166
980,500.0,1238,500.0,163,202349,-88.77341265869141,0.5406962043233215,-91.38624572753906,0.0,0.2248174250125885,-91.38624572753906,201755,0.6737655563354492,0.001,-88.77341265869141,0.697902500629425
984,500.0,1250,500.0,163,204349,-88.82467056274415,0.34965940352901814,-88.49937438964844,0.0,0.35342246294021606,-88.49937438964844,203755,0.6489455285072326,0.001,-88.82467056274415,0.6038592457771301
988,500.0,1262,500.0,163,206349,-88.86497332763672,0.34102991746366024,-88.17701721191406,0.0,0.07379387319087982,-88.17701721191406,205755,0.72095894241333,0.001,-88.86497332763672,0.6868917942047119
992,500.0,1274,500.0,163,208349,-89.22483230590821,0.39758470533415674,-90.90814971923828,0.0,0.06659608334302902,-90.90814971923828,207755,0.7443746519088745,0.001,-89.22483230590821,0.7022628784179688
996,500.0,1287,500.0,163,210349,-89.52126904296875,0.49386812226474286,-89.16056060791016,0.0,0.23072484135627747,-89.16056060791016,209755,0.7061374950408935,0.001,-89.52126904296875,0.6978097558021545
1000,500.0,1299,500.0,163,212349,-89.08629162597656,0.3236175071075559,-92.6512451171875,0.0,0.6938169002532959,-92.6512451171875,211755,0.7649327938556671,0.001,-89.08629162597656,0.7978855967521667
1004,500.0,1311,500.0,163,214349,-89.1170330505371,0.3372627526968718,-90.29267120361328,-0.0,0.09962198138237,-90.29267120361328,213755,0.6785619142055511,0.001,-89.1170330505371,0.7142317295074463
1008,500.0,1323,500.0,163,216349,-89.2052287902832,0.36533504551649093,-88.34585571289062,-0.0,0.08624768257141113,-88.34585571289062,215755,0.7062660570144653,0.001,-89.2052287902832,0.7788069844245911
1012,500.0,1335,500.0,163,218349,-89.46602194213867,0.32660442328080536,-89.95806121826172,-0.0,0.09784762561321259,-89.95806121826172,217755,0.7877753715515137,0.001,-89.46602194213867,0.8053393959999084
1016,500.0,1348,500.0,163,220349,-89.45070629882812,0.24082787103950978,-87.7213363647461,-0.0,0.48154374957084656,-87.7213363647461,219755,0.7754368016719818,0.001,-89.45070629882812,0.8356569409370422
1020,499.31,1359,499.31,163,222280,-89.38654984368219,0.38208321295246445,-88.7719497680664,-0.0,0.4175424873828888,-88.7719497680664,221686,0.7938105083174176,0.001,-89.38654984368219,0.80452561378479
1024,499.31,1372,499.31,163,224280,-89.64156710815429,0.41606063003093,-93.06693267822266,-0.0,0.03978859260678291,-93.06693267822266,223686,0.8591316225528717,0.001,-89.64156710815429,0.8543058633804321
1028,499.31,1384,499.31,163,226280,-89.42952020263672,0.355631589256227,-88.14498138427734,-0.0,0.14637605845928192,-88.14498138427734,225686,0.7794363660812378,0.001,-89.42952020263672,0.8451189398765564
1032,499.31,1396,499.31,163,228280,-89.51343634033204,0.3222556852530688,-87.28058624267578,-0.0,1.3882420063018799,-87.28058624267578,227686,0.8353254463672638,0.001,-89.51343634033204,0.8616697788238525
1036,499.1,1408,499.1,163,230259,-89.57495816040039,0.16642449132353068,-88.17257690429688,-0.0,0.09519273042678833,-88.17257690429688,229686,0.7809220585823059,0.001,-89.57495816040039,0.8405312299728394
1040,497.31,1419,497.31,163,232080,-89.53607611083984,0.37411020043492316,-87.85140228271484,-0.0,0.08192351460456848,-87.85140228271484,231486,0.8501320841312409,0.001,-89.53607611083984,0.8965733051300049
1044,497.31,1432,497.31,163,234080,-89.70440246582031,0.4178204358741641,-91.8744888305664,-0.0,0.08534592390060425,-91.8744888305664,233486,0.8250038812160492,0.001,-89.70440246582031,0.7833641171455383
1048,495.16,1443,495.16,163,235865,-89.87102400993986,0.26674423517434154,-89.78466796875,-0.0,0.11348813772201538,-89.78466796875,235441,0.814599672078036,0.001,-89.87102400993986,0.7699143290519714
1052,487.19,1451,487.19,163,237068,-90.0729273150044,0.412277330602369,-90.45806121826172,-0.0,0.33236271142959595,-90.45806121826172,236662,0.7926714962528598,0.001,-90.0729273150044,0.7536323666572571
1056,487.19,1462,487.19,163,239068,-89.90552938842774,0.3613567606769502,-85.67499542236328,-0.0,0.06282707303762436,-85.67499542236328,238474,0.7966725814342499,0.001,-89.90552938842774,0.7789372205734253
1060,487.19,1474,487.19,163,241068,-90.38564443969726,0.405670088712126,-92.54136657714844,-0.0,0.11424911022186279,-92.54136657714844,240474,0.8170101795196533,0.001,-90.38564443969726,0.8148791790008545
1064,487.19,1487,487.19,163,243068,-90.6102275390625,0.595534484103322,-94.82698822021484,-0.0,0.04833018779754639,-94.82698822021484,242474,0.7748727164268494,0.001,-90.6102275390625,0.7578303217887878
1068,487.19,1499,487.19,163,245068,-90.45147998046875,0.5033769560530782,-90.52232360839844,-0.0,0.08947679400444031,-90.52232360839844,244474,0.7784573786258697,0.001,-90.45147998046875,0.7475952506065369
1072,487.19,1511,487.19,163,247068,-90.86829028320312,0.23751997292414306,-94.51580810546875,-0.0,0.05223165452480316,-94.51580810546875,246474,0.7154862387180329,0.001,-90.86829028320312,0.713377833366394
1076,486.81,1523,486.81,163,249030,-90.7177060940565,0.37137898138736364,-86.3349380493164,-0.0,0.09239520877599716,-86.3349380493164,248436,0.5850277630797712,0.001,-90.7177060940565,0.5481253266334534
1080,486.81,1535,486.81,163,251030,-90.45654565429687,0.3547884084880352,-91.33235168457031,-0.0,0.032425329089164734,-91.33235168457031,250436,0.6857299218177796,0.001,-90.45654565429687,0.7116904854774475
1084,486.81,1548,486.81,163,253030,-90.68254385375977,0.35718518858775494,-88.55593872070312,-0.0,0.03928032144904137,-88.55593872070312,252436,0.6586181650161743,0.001,-90.68254385375977,0.6480528712272644
1088,485.44,1559,485.44,163,254893,-90.82117324829102,0.2544773456119001,-88.33185577392578,-0.0,0.1367831528186798,-88.33185577392578,254299,0.7110433449745178,0.001,-90.82117324829102,0.6369518637657166
1092,485.44,1571,485.44,163,256893,-90.84513284301758,0.2951645412221551,-94.58734130859375,-0.0,0.034514013677835464,-94.58734130859375,256299,0.6847910647392272,0.001,-90.84513284301758,0.6288762092590332
1096,485.44,1584,485.44,163,258893,-91.16815188598633,0.3475983835197985,-89.6795425415039,-0.0,1.5600790977478027,-89.6795425415039,258299,0.6920638129711151,0.001,-91.16815188598633,0.6992793083190918
1100,485.44,1596,485.44,163,260893,-90.8475027770996,0.3599178324788809,-89.63117218017578,-0.0,0.059606730937957764,-89.63117218017578,260299,0.7156572141647339,0.001,-90.8475027770996,0.7527367472648621
1104,485.44,1608,485.44,163,262893,-91.59072085571289,0.3517787702679634,-90.24810028076172,-0.0,0.18223600089550018,-90.24810028076172,262299,0.7037454068660736,0.001,-91.59072085571289,0.7139465808868408
1108,485.44,1621,485.44,163,264893,-91.11966662597656,0.30596921463496984,-92.17707061767578,-0.0,0.0941372662782669,-92.17707061767578,264299,0.597143835067749,0.001,-91.11966662597656,0.5939434170722961
1112,485.44,1633,485.44,163,266893,-91.25691345214844,0.3941832132525742,-92.93497467041016,-0.0,0.06250788271427155,-92.93497467041016,266299,0.6445688436031342,0.001,-91.25691345214844,0.6395260691642761
1116,485.44,1645,485.44,163,268893,-91.3836234741211,0.23865931129455567,-86.80486297607422,-0.0,0.05151406675577164,-86.80486297607422,268299,0.6439886338710785,0.001,-91.3836234741211,0.617508053779602
1120,486.13,1657,486.13,163,270893,-91.58315219116211,0.26150830726884305,-91.28792572021484,-0.0,2.0559909343719482,-91.28792572021484,270299,0.7074747617244721,0.001,-91.58315219116211,0.6751072406768799
1124,486.13,1670,486.13,163,272893,-91.44477590942383,0.2771200865060091,-92.79841613769531,-0.0,0.07232092320919037,-92.79841613769531,272299,0.6791642854213714,0.001,-91.44477590942383,0.7195435166358948
1128,486.13,1682,486.13,163,274893,-91.37773806762695,0.20016098994761705,-93.30982971191406,-0.0,0.10499443113803864,-93.30982971191406,274299,0.651592581987381,0.001,-91.37773806762695,0.6475321650505066
1132,486.13,1694,486.13,163,276893,-91.28475076293945,0.4115800325013697,-91.38790130615234,-0.0,0.05301562696695328,-91.38790130615234,276299,0.6861571898460388,0.001,-91.28475076293945,0.7810585498809814
1136,486.34,1707,486.34,163,278893,-91.76512731933593,0.4963219937868416,-96.58234405517578,-0.0,0.03812552988529205,-96.58234405517578,278299,0.7432995312213898,0.001,-91.76512731933593,0.7477396726608276
1140,488.13,1719,488.13,163,280893,-91.54130798339844,0.2860091092325747,-94.26744079589844,-0.0,5.9253950119018555,-94.26744079589844,280299,0.7491536364555359,0.001,-91.54130798339844,0.6482296586036682
1144,488.13,1731,488.13,163,282893,-91.50783004760743,0.3210421231444925,-91.8660888671875,-0.0,0.012835065834224224,-91.8660888671875,282299,0.727411153793335,0.001,-91.50783004760743,0.6878785490989685
1148,490.28,1743,490.28,163,284893,-91.4257883605957,0.2572395522724837,-95.13040924072266,-0.0,0.13866110146045685,-95.13040924072266,284299,0.6983507716655731,0.001,-91.4257883605957,0.7224331498146057
1152,498.25,1756,498.25,163,286893,-91.4239186706543,0.2755424499623477,-94.82537841796875,-0.0,0.17763356864452362,-94.82537841796875,286299,0.6970333740711212,0.001,-91.4239186706543,0.752266526222229
1156,498.25,1768,498.25,163,288893,-91.81705410766601,0.2565869177635759,-92.7764663696289,-0.0,0.09201079607009888,-92.7764663696289,288299,0.6544432456493378,0.001,-91.81705410766601,0.5941898822784424
1160,498.05,1780,498.05,163,290873,-91.60994418462117,0.19752990703758164,-92.89189910888672,-0.0,0.06145897135138512,-92.89189910888672,290279,0.48493525621791683,0.001,-91.60994418462117,0.5542678236961365
1164,496.71,1791,496.71,163,292739,-91.51456436157227,0.4307905532810837,-92.57353973388672,-0.0,0.10642923414707184,-92.57353973388672,292145,0.6084461532831192,0.001,-91.51456436157227,0.5137722492218018
1168,496.71,1804,496.71,163,294739,-91.34141720581054,0.25761499667726456,-89.39546966552734,-0.0,0.03273533657193184,-89.39546966552734,294145,0.5176014052629471,0.001,-91.34141720581054,0.4266422688961029
1172,496.71,1816,496.71,163,296739,-91.31888037109375,0.37324423716776073,-91.43692779541016,-0.0,0.06552045047283173,-91.43692779541016,296145,0.6359196901321411,0.001,-91.31888037109375,0.6155170202255249
1176,497.09,1828,497.09,163,298739,-91.3352604675293,0.20036018109880388,-92.50935363769531,-0.0,0.02777975983917713,-92.50935363769531,298145,0.4165797488689423,0.001,-91.3352604675293,0.4341817796230316
