rollout/ep_len_mean,time/episodes,time/time_elapsed,time/fps,rollout/ep_rew_mean,train/std,time/total_timesteps,train/n_updates,train/learning_rate,train/critic_los,train/MSE_losses,train/critic_loss,train/ent_coef_loss,train/ent_coef,train/RL_loss,train/Beta,train/Main_losses,train/MSE_loss,train/actor_loss,train/loss
77.25,4,0,1922,-114.278884,0.04978706315159798,309,,,,,,,,,,,,,
648.625,8,2,2055,-102.12444175,0.04978706315159798,5189,,,,,,,,,,,,,
714.25,12,4,2056,-98.72875608333332,0.04978706315159798,8571,,,,,,,,,,,,,
651.9375,16,9,1110,-107.045359375,0.04993590712547302,10431,384,0.00073,0.510780930519104,7.161089010536671,10.827557621523738,-1.4514312911778688,0.7615400450304151,-5.276741027832031,0.995,2.298150844871998,7.9059834480285645,-4.827132772654295,2.589712619781494
539.65,20,13,779,-106.5120305,0.04996635019779205,10793,768,0.00073,2.1380703449249268,6.8992158100008965,7.862390975467861,-2.7986648362129927,0.579369637183845,-8.674478530883789,0.989,-2.080724023282528,4.528220176696777,-8.904048636555672,-4.19606876373291
477.0833333333333,24,21,539,-108.27700108333333,0.04997270181775093,11450,1408,0.00073,1.0474222898483276,6.443687330931425,3.1650635600090027,-4.223411779850721,0.37998221768066287,-9.720796585083008,0.979,-3.585992783308029,10.537481307983398,-9.894362539052963,0.5953969955444336
428.5357142857143,28,27,431,-109.15701014285715,0.04996543377637863,11999,1984,0.00073,0.406211256980896,6.064383279532194,2.4427079907618463,-4.682341106235981,0.26766207721084356,-7.655601978302002,0.97,-1.1373616568744183,8.134663581848145,-7.019813604652882,0.23502206802368164
386.0,32,31,390,-109.0479140625,0.04995087906718254,12352,2304,0.00073,2.105219841003418,5.510345555841923,1.4457686617970467,-5.201044097542763,0.22328613023273647,-3.4578051567077637,0.965,0.9255201704800129,6.048604965209961,-4.391963152214885,2.379098415374756
374.0,36,44,300,-110.0253398888889,0.049849703907966614,13464,3456,0.00073,0.35814595222473145,5.230708174407482,1.0924559098202735,-5.054996350780129,0.12076989165507257,2.8775572776794434,0.947,7.596465595066547,4.980599880218506,2.642984826117754,7.5941853523254395
367.8,40,58,249,-109.47651477500001,0.04968273639678955,14712,4672,0.00073,0.5157787799835205,4.721041232347488,0.516261737793684,-3.984823281818535,0.07045141037087888,9.335033416748047,0.928,11.921781986951828,3.7215094566345215,7.540655866265297,12.788594245910645
386.15909090909093,44,85,198,-108.57653886363637,0.049399904906749725,16991,6976,0.00073,0.41354310512542725,4.416933726519346,0.2703351095551625,-1.3896692334674299,0.03662460739724338,10.749252319335938,0.892,15.443508639931679,4.48616886138916,11.503603741526604,14.75091552734375
383.125,48,101,180,-107.1185123125,0.04922890663146973,18390,8384,0.00073,0.24769654870033264,4.325225055217743,0.2774659227579832,-0.931469360832125,0.029942427267087623,13.182798385620117,0.87,16.93601869046688,4.526917457580566,13.173072949051857,17.1212158203125
424.4807692307692,52,143,153,-105.35958942307693,0.04903363063931465,22073,12032,0.00073,0.4066237807273865,3.339732550084591,0.320975317270495,-1.0135163797531277,0.023505731543991715,11.763467788696289,0.813,14.15086081624031,3.7779436111450195,11.43565821647644,14.834936141967773
463.85714285714283,56,188,137,-99.84782612499998,0.048859551548957825,25976,15936,0.00073,0.12131256610155106,2.9890963193029165,0.2879531019134447,0.708212101017125,0.019259038264863193,6.830885887145996,0.752,10.761024832725525,2.5756726264953613,8.513224445283413,8.767791748046875
499.93333333333334,60,234,127,-96.93766226666665,0.04879835247993469,29996,19968,0.00073,1.0903146266937256,2.905395358800888,0.23001146281603724,-1.2989528373582289,0.014661917390185408,5.454469203948975,0.689,8.463620238006115,2.3695833683013916,6.461802765727043,7.0871124267578125
505.46875,64,261,123,-91.43867506250001,0.04868664965033531,32350,22336,0.00073,0.2985219359397888,2.676949167624116,0.1940650036558509,0.28367681382223964,0.013242295710369945,6.1807966232299805,0.652,7.623649753630161,2.9368042945861816,5.878278858959675,8.095593452453613
509.4117647058824,68,288,120,-88.58598669117649,0.04864339902997017,34640,24640,0.00073,0.2412315160036087,2.8506901804357767,0.2571158034261316,1.6606156388297677,0.01366599471657537,5.1555376052856445,0.616,7.21252566576004,2.4944052696228027,5.456500541418791,6.69209098815918
560.4722222222222,72,353,114,-77.26183375,0.04878817871212959,40354,30336,0.00073,0.8349339962005615,2.621845055371523,0.6485744398087263,-0.49864047672599554,0.010264947472023778,1.4032330513000488,0.527,2.7004955373704433,2.1225950717926025,1.3187831649556756,2.5218405723571777
552.578947368421,76,373,112,-76.4698172236842,0.04879103973507881,41996,32000,0.00073,0.15229877829551697,2.43789791315794,0.6468732783105224,-1.2402580012567341,0.010813473345478997,0.6479843854904175,0.501,2.621476074680686,2.452941656112671,1.400089246686548,1.8769081830978394
591.325,80,433,109,-63.327505724999995,0.0487392358481884,47306,37312,0.00073,0.2094331830739975,2.5930767860263586,0.41348459478467703,-0.13951845047995448,0.011263193606282584,0.09330564737319946,0.418,1.285253579262644,2.890566825866699,0.20134746260009706,1.3015625476837158
599.5952380952381,84,468,107,-55.132210845238085,0.04847828671336174,50366,40320,0.00073,0.3548138737678528,2.2164027765393257,0.3147652195766568,0.9715490742819384,0.00987200767849572,-2.5280981063842773,0.371,-0.6610024534165859,2.135207414627075,-1.483287863433361,-1.735936164855957
619.1590909090909,88,516,105,-43.82218519318182,0.04844184219837189,54486,44480,0.00073,0.14205580949783325,2.246582217514515,0.30585802998393774,0.07105606980621815,0.010125606888323091,-3.96470046043396,0.306,-3.248408492654562,2.2793445587158203,-3.9358626417815685,-3.267220973968506
615.7173913043479,92,541,104,-40.10424517391304,0.04835197702050209,56646,46656,0.00073,0.5265527963638306,2.5769128669053316,0.4503574625123292,-0.19226812850683928,0.009956043097190559,-4.165553569793701,0.272,-4.100888188928366,3.667175531387329,-4.801808517426252,-3.168081760406494
614.8958333333334,96,568,103,-34.54773364583333,0.048284873366355896,59030,49024,0.00073,0.3388581871986389,2.304405117407441,0.6413931209826842,-0.2089974577538669,0.009699084213934839,-4.842111587524414,0.235,-4.659289579838514,2.0925605297088623,-5.2008247673511505,-4.350359916687012
602.37,100,582,103,-34.41858486,0.04824063554406166,60237,50240,0.00073,0.0890493392944336,2.297325359657407,0.34560328477527946,1.2675562447402626,0.009299400800955482,-7.446076393127441,0.216,-5.525196015834808,1.7413442134857178,-6.0214183032512665,-7.069945812225342
632.67,104,620,102,-20.36334728,0.04834140092134476,63576,53568,0.00073,0.16166333854198456,2.411321993917227,0.3915356027428061,-1.6086336919106543,0.009080653064302169,-6.27284049987793,0.164,-6.283245585858822,2.4352264404296875,-6.678702436387539,-5.873463153839111
597.56,108,636,102,-17.04313021,0.0483817383646965,64945,54912,0.00073,0.3128940463066101,2.4710139259696007,0.3952832865761593,-0.5265428265556693,0.008891963138012215,-5.9309868812561035,0.143,-6.3246326968073845,1.8746075630187988,-6.677987709641457,-5.6629180908203125
591.66,112,668,101,-6.788619609999996,0.04851776361465454,67737,57728,0.00073,0.39406678080558777,2.358167229220271,0.4518346048425883,-1.2918976661749184,0.008957791025750339,-7.762787342071533,0.099,-7.518781423568726,1.9488605260849,-7.752239935100079,-7.569849967956543
593.72,116,692,100,2.4130773200000046,0.04859883710741997,69803,59776,0.00073,0.1658012568950653,2.3319780323654413,0.48401068872772157,0.31460897391662,0.009024707600474358,-8.755608558654785,0.067,-8.269545063376427,1.8301725387573242,-8.42578761279583,-8.632987022399902
618.17,120,725,100,10.68884696,0.04863930493593216,72610,62592,0.00073,0.33967888355255127,2.4566511288285255,0.8683998286724091,0.4129236042499542,0.008991419439553283,-9.164999008178711,0.023,-8.080399945378304,1.827046275138855,-8.136902943253517,-9.122977256774902
626.68,124,742,99,14.546797360000003,0.04853028059005737,74118,64128,0.00073,0.5631746053695679,2.6771622970700264,0.4830897804349661,0.14131899550557137,0.008206721147871576,-8.264607429504395,0,-7.950061395764351,2.2055089473724365,-7.950061395764351,-8.264607429504395
632.0,128,754,99,17.330873060000002,0.048441022634506226,75199,65152,0.00073,0.3800349831581116,2.7794571947306395,0.48590879514813423,0.039900236297398806,0.008286564421723597,-7.6215057373046875,0,-7.993038013577461,2.224018096923828,-7.993038013577461,-7.6215057373046875
665.13,132,797,98,30.92752841,0.048283651471138,78865,68864,0.00073,0.11056118458509445,2.7195646706968546,0.35644225450232625,0.07310879440046847,0.007784935303789098,-9.469343185424805,0,-8.07249365746975,2.9288220405578613,-8.07249365746975,-9.469343185424805
679.5,136,826,98,40.980256710000006,0.048169415444135666,81414,71424,0.00073,0.19752398133277893,2.666034849360585,0.382410092279315,-0.3592945784330368,0.0076727566120098345,-9.299825668334961,0,-8.361244812607765,3.752347230911255,-8.361244812607765,-9.299825668334961
688.84,140,851,98,49.09639632,0.04807833954691887,83596,73600,0.00073,0.5498583316802979,2.5428579822182655,0.46834843838587403,-0.1282345987856388,0.007849633897421882,-9.464864730834961,0,-8.44861451536417,2.920262336730957,-8.44861451536417,-9.464864730834961
692.56,144,881,97,60.046743379999995,0.04819439351558685,86247,76224,0.00073,0.3806799650192261,2.5636550076305866,0.48263663006946445,-0.5572602293686941,0.007954422835609876,-8.076276779174805,0,-8.18149422109127,2.156269073486328,-8.18149422109127,-8.076276779174805
707.52,148,914,97,72.45743629,0.0480821430683136,89142,79104,0.00073,0.6683902740478516,2.760686768218875,0.484240421326831,0.42771355994045734,0.008061076237936504,-9.586551666259766,0,-8.493753299117088,2.602695941925049,-8.493753299117088,-9.586551666259766
704.07,152,952,97,88.55459984000001,0.048143189400434494,92480,82432,0.00073,0.285603791475296,2.6102568693459034,0.33519362553488463,0.20401285530533642,0.008144129897118546,-8.40221118927002,0,-9.315760239958763,1.864997386932373,-9.315760239958763,-8.40221118927002
701.96,156,994,96,98.47765817,0.04815506562590599,96172,86144,0.00073,1.1754156351089478,2.5426974203437567,0.3761345417005941,0.1371696958085522,0.007834714284399524,-9.889491081237793,0,-9.373486913740635,2.9793343544006348,-9.373486913740635,-9.889491081237793
675.35,160,1009,96,101.34235248,0.048075783997774124,97531,87488,0.00073,0.18688151240348816,2.505109891295433,0.6464893124066293,-0.10513556422665715,0.008041815337492153,-9.924914360046387,0,-9.264435581862926,2.5149998664855957,-9.264435581862926,-9.924914360046387
672.77,164,1034,96,107.48929892,0.04803293198347092,99627,89600,0.00073,0.31850922107696533,2.5948052611202,0.6000474091852084,0.46019164845347404,0.008418200392043218,-8.902588844299316,0,-9.367758572101593,2.669961929321289,-9.367758572101593,-8.902588844299316
674.65,168,1062,96,117.56896126,0.04802726209163666,102105,92096,0.00073,0.35575515031814575,2.636554917320609,0.7066530734300613,-0.291434564627707,0.008480321659590118,-10.304298400878906,0,-9.521342396736145,3.247514486312866,-9.521342396736145,-10.304298400878906
645.76,172,1094,95,122.18009056000001,0.047919608652591705,104930,94912,0.00073,0.12148357927799225,2.5554615184664726,0.5260062525048852,-0.3898666985332966,0.008270988473668694,-9.638431549072266,0,-9.880710281431675,3.1939754486083984,-9.880710281431675,-9.638431549072266
661.81,176,1131,95,137.32983305,0.04767977446317673,108177,98176,0.00073,0.3555975556373596,2.5390516202896833,0.4739110964583233,0.2363917933544144,0.007700403933995403,-10.565681457519531,0,-10.242701455950737,1.3917165994644165,-10.242701455950737,-10.565681457519531
639.24,180,1166,95,142.63206179999997,0.04748920723795891,111230,101184,0.00073,0.5533514022827148,2.478194735944271,0.4381661150837317,0.993510524276644,0.007676822729990818,-10.930692672729492,0,-10.82541711628437,3.2039785385131836,-10.82541711628437,-10.930692672729492
639.44,184,1201,95,151.00237634999996,0.0472697950899601,114310,104320,0.00073,0.2924432158470154,2.4742756448686123,0.3475217550294474,0.6258212103275582,0.007274410592799541,-11.603776931762695,0,-11.254117980599403,2.8082776069641113,-11.254117980599403,-11.603776931762695
625.03,188,1231,94,152.07749853,0.047203049063682556,116989,106944,0.00073,0.2621774673461914,2.468683894723654,0.4364728631917387,-0.3762680976651609,0.007467046692909207,-11.356958389282227,0,-11.5515928119421,2.4564125537872314,-11.5515928119421,-11.356958389282227
623.4,192,1255,94,155.01701770999998,0.04722725600004196,118986,108992,0.00073,0.31282806396484375,2.5011664777994156,0.4500234972219914,0.42628027428872883,0.007821388302545529,-10.203902244567871,0,-11.438126295804977,5.582400321960449,-11.438126295804977,-10.203902244567871
631.15,196,1291,94,163.99938976,0.047141510993242264,122145,112128,0.00073,0.1948891282081604,2.632300738245249,0.34293537167832255,0.7239592159166932,0.007986497279489413,-12.603713989257812,0,-11.756219387054443,3.1888511180877686,-11.756219387054443,-12.603713989257812
646.76,200,1322,94,175.37095672000004,0.04700363799929619,124913,114880,0.00073,1.5372288227081299,2.4990051221102476,0.5526297752512619,-0.4787939190864563,0.008462947720545344,-13.720989227294922,0,-12.04039067029953,3.102760076522827,-12.04039067029953,-13.720989227294922
643.74,204,1357,94,178.63520053,0.04687605798244476,127950,117952,0.00073,0.12047190964221954,2.6138751786202192,0.35312847583554685,0.7826196610694751,0.007713689388765488,-11.185128211975098,0,-12.193968921899796,4.462422847747803,-12.193968921899796,-11.185128211975098
660.79,208,1392,94,191.64197583,0.0467703752219677,131024,121024,0.00073,0.19388946890830994,2.675069885328412,0.4214134805370122,0.23673336778301746,0.007428176533721853,-11.391521453857422,0,-12.446234479546547,2.23974609375,-12.446234479546547,-11.391521453857422
663.64,212,1428,93,197.77206323,0.046596311032772064,134101,124096,0.00073,0.1938820779323578,2.7488015051931143,0.3773411869769916,-0.6405124999582767,0.007223840839287732,-12.081859588623047,0,-12.62926934659481,3.300412654876709,-12.62926934659481,-12.081859588623047
672.83,216,1461,93,206.61767554000002,0.04638923704624176,137086,127040,0.00073,0.220535546541214,2.785948036238551,0.5480639453744516,-1.490173399914056,0.007177731946285348,-12.643012046813965,0,-12.89674885571003,2.3411598205566406,-12.89674885571003,-12.643012046813965
675.64,220,1497,93,215.28492301999998,0.046239059418439865,140174,130176,0.00073,1.7058191299438477,2.7086966559290886,0.44445308682043105,0.13708083448000252,0.006993003997195046,-12.849401473999023,0,-13.153412953019142,2.546764373779297,-13.153412953019142,-12.849401473999023
691.24,224,1532,93,228.89517734,0.046156272292137146,143242,133248,0.00073,0.25283780694007874,2.8156885132193565,0.5200607134029269,0.9852485123556107,0.007449457691109274,-12.857820510864258,0,-13.275729417800903,3.1807193756103516,-13.275729417800903,-12.857820510864258
708.04,228,1563,93,240.88000236,0.04600222781300545,146003,136000,0.00073,0.30617502331733704,2.6976937633007765,0.35796052345540375,0.5330098289996386,0.006840782516519539,-13.699247360229492,0,-13.502417117357254,2.419266700744629,-13.502417117357254,-13.699247360229492
690.66,232,1585,93,236.952463,0.045869313180446625,147931,137920,0.00073,0.19931066036224365,2.6187105271965265,0.4626452495576814,-0.04042052128352225,0.007093381078448147,-13.409528732299805,0,-13.309567734599113,2.0640430450439453,-13.309567734599113,-13.409528732299805
696.05,236,1620,93,244.37123936999996,0.045581262558698654,151019,140992,0.00073,0.36325758695602417,2.496943350881338,0.4645454081473872,0.5403241883032024,0.007517103687860072,-13.847808837890625,0,-13.281010627746582,2.073364734649658,-13.281010627746582,-13.847808837890625
702.22,240,1653,93,250.51370809999997,0.045380741357803345,153818,143808,0.00073,0.34145206212997437,2.608743714168668,0.5016094323946163,-0.06017576134763658,0.007072503256495111,-13.20824909210205,0,-13.197513774037361,3.3605804443359375,-13.197513774037361,-13.20824909210205
706.66,244,1688,92,256.35365821,0.045170582830905914,156913,146880,0.00073,0.10166221857070923,2.595613980665803,0.50097647117218,0.03896778402850032,0.007422806142130867,-14.855274200439453,0,-13.602946937084198,3.1818971633911133,-13.602946937084198,-14.855274200439453
704.05,248,1718,92,257.13684412,0.04502507671713829,159547,149504,0.00073,1.612788200378418,2.7431538589298725,0.5910789059707895,0.4429574944078922,0.007445618663041387,-13.674362182617188,0,-13.659669309854507,2.547332763671875,-13.659669309854507,-13.674362182617188
693.24,252,1744,92,251.01920283000004,0.04507185146212578,161804,151808,0.00073,0.13276593387126923,2.9432276133447886,0.41259824438020587,-0.4861787671688944,0.0074866499489871785,-12.792515754699707,0,-13.467968851327896,2.1009795665740967,-13.467968851327896,-12.792515754699707
686.03,256,1778,92,252.98927930999997,0.04494994133710861,164775,154752,0.00073,0.4523635506629944,2.5551740620285273,0.48560396884568036,0.35873903380706906,0.007562374914414249,-12.907557487487793,0,-13.524103969335556,2.0874178409576416,-13.524103969335556,-12.907557487487793
704.36,260,1814,92,265.19082732000004,0.04483935609459877,167967,157952,0.00073,0.150925874710083,2.399785030633211,0.48239174275659025,-0.2637868276797235,0.0073867576429620385,-13.2684326171875,0,-13.713334009051323,2.21335506439209,-13.713334009051323,-13.2684326171875
707.91,264,1842,92,268.00955206,0.04470931366086006,170418,160384,0.00073,1.6352651119232178,2.6175199262797832,0.4461115429876372,0.6665890177246183,0.007131613834644668,-14.348581314086914,0,-13.6160838752985,3.2170705795288086,-13.6160838752985,-14.348581314086914
712.3,268,1875,92,270.21688177,0.04460335895419121,173335,163328,0.00073,0.09208663552999496,2.524649104103446,0.5464891965966672,-0.2754543232731521,0.007028692867606878,-13.217440605163574,0,-14.058332726359367,2.6030020713806152,-14.058332726359367,-13.217440605163574
714.82,272,1910,92,273.74054019,0.04450266808271408,176412,166400,0.00073,0.3116890788078308,2.731276035308838,0.4451364300912246,0.19994937861338258,0.006820755508670118,-13.822120666503906,0,-14.032147899270058,2.4331042766571045,-14.032147899270058,-13.822120666503906
713.09,276,1945,92,273.82027694,0.044300276786088943,179486,169472,0.00073,0.25141003727912903,2.654431601986289,0.41459509648848325,0.5418493314646184,0.006743099671439268,-13.576927185058594,0,-14.366307944059372,3.778139114379883,-14.366307944059372,-13.576927185058594
712.74,280,1980,92,273.79368838,0.04409533366560936,182504,172480,0.00073,1.583706259727478,2.501432118937373,0.3571992521174252,-0.5027203501667827,0.007095155036950018,-15.091253280639648,0,-14.32510632276535,2.8569908142089844,-14.32510632276535,-15.091253280639648
712.14,284,2014,92,273.84186631999995,0.04398356378078461,185524,175488,0.00073,0.15803825855255127,2.723334712907672,0.38486556778661907,0.1795635987073183,0.0072372926224488765,-13.878451347351074,0,-14.345815509557724,2.00705623626709,-14.345815509557724,-13.878451347351074
715.26,288,2048,92,276.60248056,0.04403126612305641,188515,178496,0.00073,0.2961278557777405,2.6693578232079744,0.44803640816826373,0.05144934798590839,0.007292010930541437,-13.784171104431152,0,-14.31472261250019,2.3338704109191895,-14.31472261250019,-13.784171104431152
725.1,292,2083,91,284.7017357799999,0.043855879455804825,191496,181504,0.00073,0.18698172271251678,2.886265592649579,0.4832627282012254,0.337656490271911,0.0067386088412604295,-15.951875686645508,0,-14.743913412094116,1.7845274209976196,-14.743913412094116,-15.951875686645508
720.5,296,2113,91,282.27159099999994,0.04372120276093483,194195,184192,0.00073,0.23686203360557556,2.7835773658007383,0.6107134645571932,0.6823856304399669,0.00692382306442596,-13.775933265686035,0,-14.966079860925674,2.3791613578796387,-14.966079860925674,-13.775933265686035
720.98,300,2146,91,283.141681,0.04361971095204353,197011,187008,0.00073,0.1762382984161377,2.6819646023213863,0.5073268482228741,0.6923980901483446,0.007072817556036171,-14.681437492370605,0,-14.672749668359756,3.220290184020996,-14.672749668359756,-14.681437492370605
719.51,304,2178,91,281.5853865900001,0.04346799477934837,199901,189888,0.00073,1.8438684940338135,2.596532564610243,0.6805778666166589,-0.8999746107729152,0.006890454234962817,-13.570155143737793,0,-14.964740842580795,1.9652018547058105,-14.964740842580795,-13.570155143737793
715.21,308,2208,91,277.70233834000004,0.043425898998975754,202545,192512,0.00073,0.07519702613353729,2.6564422510564327,0.3909142700722441,-0.031453081872314215,0.007054984373098705,-14.636334419250488,0,-14.854543298482895,4.236395835876465,-14.854543298482895,-14.636334419250488
713.91,312,2242,91,277.73592075,0.04321601986885071,205492,195456,0.00073,0.20308497548103333,2.7309714909642935,0.42476159473881125,-0.1367514575831592,0.0074280395929235965,-15.81271743774414,0,-14.937148749828339,2.2814815044403076,-14.937148749828339,-15.81271743774414
714.02,316,2276,91,277.76678910000004,0.043028876185417175,208488,198464,0.00073,0.10913597047328949,2.6511593125760555,0.49367196951061487,0.3484852318651974,0.00669655066303676,-15.566041946411133,0,-15.106173485517502,1.6129999160766602,-15.106173485517502,-15.566041946411133
712.79,320,2310,91,277.76468693,0.04283542558550835,211453,201408,0.00073,0.12967051565647125,2.48382949270308,0.4307975536212325,0.13288304884918034,0.006945856257516425,-13.575080871582031,0,-15.143277406692505,3.279928684234619,-15.143277406692505,-13.575080871582031
711.79,324,2344,91,277.80120747,0.04275042191147804,214421,204416,0.00073,0.14363141357898712,2.3573709335178137,0.4608024002518505,-0.32170396111905575,0.006854072329588234,-14.016702651977539,0,-15.15919716656208,1.5461831092834473,-15.15919716656208,-14.016702651977539
714.39,328,2378,91,280.40380558,0.042701881378889084,217442,207424,0.00073,1.4806126356124878,2.510231416672468,0.4464192111045122,0.40400607348419726,0.007167766641941853,-15.222599983215332,0,-15.296031400561333,1.8349461555480957,-15.296031400561333,-15.222599983215332
725.28,332,2413,91,287.85304236,0.042673274874687195,220459,210432,0.00073,0.03387019783258438,2.713880304247141,0.4203506513731554,-0.4697752231732011,0.0067296152919880114,-16.09016990661621,0,-15.36515560746193,1.5941087007522583,-15.36515560746193,-16.09016990661621
717.71,336,2440,91,282.84809222,0.042571332305669785,222790,212800,0.00073,3.1191394329071045,2.5489443708211184,0.5692898845300078,0.29346818081103265,0.006786245881812647,-13.816844940185547,0,-15.375188454985619,1.4408457279205322,-15.375188454985619,-13.816844940185547
718.7,340,2473,91,283.9572584499999,0.042511940002441406,225688,215680,0.00073,0.22929520905017853,2.4190316908061504,0.5253983152797446,0.05817025899887085,0.007009235647274181,-14.994150161743164,0,-15.194158986210823,2.284071207046509,-15.194158986210823,-14.994150161743164
717.92,344,2508,91,283.98879866,0.0424141027033329,228705,218688,0.00073,1.720644474029541,2.632217649370432,0.5161881254171021,-0.23364032804965973,0.007048528736049775,-15.897821426391602,0,-15.454449191689491,1.657824993133545,-15.454449191689491,-15.897821426391602
720.84,348,2542,91,287.2455923,0.04221910610795021,231631,221632,0.00073,0.341179758310318,2.537244288250804,0.47057395055890083,-0.5802543731406331,0.007088074926286936,-15.818656921386719,0,-15.483312517404556,2.949596881866455,-15.483312517404556,-15.818656921386719
727.78,352,2577,91,293.44230824,0.042187709361314774,234582,224576,0.00073,0.1076255813241005,2.5492692086845636,0.44287674489896744,-0.6377381826750934,0.006961288163438439,-16.227331161499023,0,-15.612436309456825,2.0688748359680176,-15.612436309456825,-16.227331161499023
725.0,356,2609,90,293.16361223999996,0.04209392890334129,237275,227264,0.00073,0.15927845239639282,2.6715114135295153,0.6653143224539235,-0.4062034022063017,0.006973544783249963,-14.942686080932617,0,-15.8104936927557,1.8471741676330566,-15.8104936927557,-14.942686080932617
723.0,360,2644,90,293.12873905000004,0.04205305129289627,240267,230272,0.00073,0.21556273102760315,2.7296012490987778,0.825697293272242,0.3239035764709115,0.006965057888010051,-15.712038040161133,0,-15.715463310480118,1.8889756202697754,-15.715463310480118,-15.712038040161133
727.64,364,2677,90,297.34665464,0.04197921231389046,243182,233152,0.00073,0.27205467224121094,2.4216518327593803,0.42228061851346865,0.9704298884607852,0.006763312063412741,-16.62391471862793,0,-15.65599575638771,2.256810188293457,-15.65599575638771,-16.62391471862793
727.44,368,2710,90,299.63424625000005,0.04195299744606018,246079,236032,0.00073,0.11658741533756256,2.4587618596851826,0.6458712278981693,0.03272547270171344,0.006831058068200946,-15.400601387023926,0,-15.995932668447495,1.6737990379333496,-15.995932668447495,-15.400601387023926
722.36,372,2740,90,297.08304733000006,0.041820455342531204,248648,238656,0.00073,0.14130225777626038,2.6104008574038744,0.43628488975809887,-0.08573565585538745,0.006505008692329284,-16.9404296875,0,-15.856846615672112,2.1358017921447754,-15.856846615672112,-16.9404296875
720.59,376,2773,90,297.16378229000003,0.04172699898481369,251545,241536,0.00073,0.08431997150182724,2.4760003201663494,0.5913917109137401,-1.2017211890779436,0.006731191773724277,-16.419960021972656,0,-16.069273993372917,1.3911960124969482,-16.069273993372917,-16.419960021972656
718.17,380,2805,90,295.45049629,0.04163544625043869,254321,244288,0.00073,0.07781070470809937,2.5079669672995806,0.6318629727466032,-0.5626931698061526,0.006544911804667208,-17.15764617919922,0,-16.298074409365654,1.4814479351043701,-16.298074409365654,-17.15764617919922
717.3,384,2838,90,295.46796904,0.04161597043275833,257254,247232,0.00073,0.37700164318084717,2.357199750840664,0.383957925834693,0.7275716587901115,0.0065252088897977956,-13.652366638183594,0,-15.986419349908829,1.6384299993515015,-15.986419349908829,-13.652366638183594
716.54,388,2872,90,296.66786075000005,0.04156077653169632,260169,250176,0.00073,0.20454390347003937,2.451739938929677,0.6125946113024838,0.1433506936300546,0.00681072031147778,-16.926786422729492,0,-16.146565198898315,2.0468955039978027,-16.146565198898315,-16.926786422729492
710.54,392,2899,90,292.68296420999997,0.04153335839509964,262550,252544,0.00073,0.13552062213420868,2.5291197057813406,0.44958487956319004,-0.2938961572945118,0.0067728074645856395,-16.647220611572266,0,-16.271444484591484,2.512380361557007,-16.271444484591484,-16.647220611572266
707.15,396,2926,90,291.57259363,0.04140544310212135,264910,254912,0.00073,0.17985814809799194,2.5188088696449995,0.4628032763139345,0.19366667442955077,0.007038145275146235,-16.70343780517578,0,-16.2551678866148,1.4045771360397339,-16.2551678866148,-16.70343780517578
706.97,400,2958,90,291.4187676099999,0.04130614921450615,267708,257664,0.00073,1.9377168416976929,2.5876083932816982,0.7443727975478396,0.3837617887184024,0.006969569352804683,-15.612251281738281,0,-16.086315110325813,1.9039610624313354,-16.086315110325813,-15.612251281738281
707.61,404,2992,90,293.03894496,0.0411909855902195,270662,260672,0.00073,0.5824201703071594,2.619516232982278,0.46000471094157547,0.9030120669631287,0.006599739041121211,-15.15658187866211,0,-16.153768613934517,2.2584726810455322,-16.153768613934517,-15.15658187866211
698.53,408,3011,90,287.64264862,0.04111940786242485,272398,262400,0.00073,0.36281198263168335,2.6098581794649363,0.6262038728455082,-0.03037592105101794,0.0069840894066146575,-15.752002716064453,0,-16.098016172647476,3.5921578407287598,-16.098016172647476,-15.752002716064453
697.51,412,3044,90,286.20245452,0.04108833894133568,275243,265216,0.00073,0.21644754707813263,2.556009890511632,0.5526697740424424,0.8704099017195404,0.006696087366435677,-15.843917846679688,0,-16.16338576376438,2.7820982933044434,-16.16338576376438,-15.843917846679688
691.61,416,3071,90,282.67262973,0.04093363508582115,277649,267648,0.00073,0.17789243161678314,2.3623896595090628,0.48786500800633803,0.9027783959172666,0.006734546084771864,-15.65262508392334,0,-15.96043273806572,2.7554879188537598,-15.96043273806572,-15.65262508392334
683.24,420,3096,90,276.69805012,0.04078826308250427,279777,269760,0.00073,0.11873258650302887,2.48016051761806,0.5437883683189284,-1.3784099980257452,0.006483474135166034,-16.036027908325195,0,-16.206529706716537,2.1502599716186523,-16.206529706716537,-16.036027908325195
682.72,424,3129,90,276.7050826000001,0.04063846543431282,282693,272704,0.00073,0.17903754115104675,2.6421138495206833,0.712146936217323,-0.37261414038948715,0.00710002746200189,-16.27116584777832,0,-16.198230013251305,1.6964614391326904,-16.198230013251305,-16.27116584777832
681.49,428,3162,90,276.72110707,0.0405585803091526,285591,275584,0.00073,0.09200030565261841,2.64408153668046,0.5079243916552514,0.9046140743885189,0.007045786427624989,-16.349355697631836,0,-16.483906164765358,4.979430198669434,-16.483906164765358,-16.349355697631836
681.14,432,3196,90,276.75813122,0.04035455361008644,288573,278528,0.00073,0.07126098871231079,2.580997806042433,0.4345748636405915,0.4885942640248686,0.006726483225065749,-15.911497116088867,0,-16.38124081492424,4.197590351104736,-16.38124081492424,-15.911497116088867
687.6,436,3230,90,281.82472085999996,0.040239118039608,291550,281536,0.00073,1.7082417011260986,2.6711802016943693,0.5405045753577724,-0.2225282760336995,0.006821245151513722,-16.52267074584961,0,-16.480980321764946,2.257432222366333,-16.480980321764946,-16.52267074584961
689.42,440,3265,90,283.43918605000005,0.04021293669939041,294630,284608,0.00073,1.7064461708068848,2.379807062447071,0.6825675640720874,-0.14157046284526587,0.006503310338302981,-17.50559425354004,0,-16.46933414041996,2.6306071281433105,-16.46933414041996,-17.50559425354004
689.17,444,3299,90,283.43825833,0.040094465017318726,297622,287616,0.00073,0.051773156970739365,2.42446019500494,0.49925897433422506,0.0430964381666854,0.007137440137739759,-17.831459045410156,0,-16.82421436905861,2.2992422580718994,-16.82421436905861,-17.831459045410156
689.33,448,3333,90,283.40010146,0.039951883256435394,300564,290560,0.00073,0.13239656388759613,2.4819097835570574,0.6530619061086327,-0.5208574566058815,0.006571758865902666,-17.822444915771484,0,-16.88598097860813,3.2714643478393555,-16.88598097860813,-17.822444915771484
682.97,452,3359,90,279.31576827000004,0.03989529609680176,302879,292864,0.00073,0.06913145631551743,2.403036853298545,0.4720344767556526,-0.3946012925589457,0.006621241496759467,-17.37008285522461,0,-16.849643349647522,1.6364384889602661,-16.849643349647522,-17.37008285522461
686.06,456,3394,90,281.66420902000004,0.03981386125087738,305881,295872,0.00073,1.8379005193710327,2.2853380385786295,0.6061007201205939,-0.3069350179284811,0.006734786511515267,-17.492380142211914,0,-16.99907796084881,2.6619951725006104,-16.99907796084881,-17.492380142211914
685.04,460,3427,90,281.68023632999996,0.03978748247027397,308771,298752,0.00073,0.1397099494934082,2.067123703658581,0.5110430541681126,-0.17636792513076216,0.006611441101995297,-17.749736785888672,0,-17.175988778471947,2.220628261566162,-17.175988778471947,-17.749736785888672
685.56,464,3460,90,281.68903415999995,0.03959912061691284,311738,301696,0.00073,1.709843635559082,2.0883446782827377,0.5996907884837128,0.18362550646997988,0.006305496463028248,-18.277963638305664,0,-17.497905254364014,1.8053381443023682,-17.497905254364014,-18.277963638305664
687.02,468,3495,90,281.68122851,0.03962577134370804,314781,304768,0.00073,0.1577833592891693,1.9936756556853652,0.44715533807175234,0.3720769619103521,0.006092779629398137,-18.029743194580078,0,-17.600213319063187,2.508950710296631,-17.600213319063187,-18.029743194580078
690.59,472,3529,90,284.33050296,0.039389852434396744,317707,307712,0.00073,0.06275321543216705,2.0948305297642946,0.5145109773147851,-0.08025164622813463,0.006282014408498071,-18.282787322998047,0,-17.68105159699917,2.595921754837036,-17.68105159699917,-18.282787322998047
690.9,476,3562,90,284.3996998,0.03935974836349487,320635,310592,0.00073,0.11044728755950928,2.374559247866273,0.6734116508159786,0.43455244530923665,0.006156320167065132,-18.140426635742188,0,-17.82745721936226,2.6290359497070312,-17.82745721936226,-18.140426635742188
692.12,480,3595,89,286.26583308999994,0.039230335503816605,323533,313536,0.00073,0.1200554221868515,2.3859085142612457,0.6238493082346395,-0.6981146128382534,0.0057344894303241745,-17.978553771972656,0,-18.063379555940628,2.190033197402954,-18.063379555940628,-17.978553771972656
691.97,484,3628,89,286.37591915999997,0.0390201210975647,326451,316416,0.00073,1.5724419355392456,2.0343357855454087,0.4868474900140427,-0.35159257100895047,0.005686760225216858,-17.603065490722656,0,-18.224422127008438,2.068997859954834,-18.224422127008438,-17.603065490722656
691.61,488,3661,89,285.21196178,0.03907453641295433,329330,319296,0.00073,0.032902225852012634,2.138834487646818,0.48012709169415757,0.5987408389337361,0.005864416219992563,-18.322250366210938,0,-18.130957275629044,1.8225334882736206,-18.130957275629044,-18.322250366210938
696.6,492,3694,89,289.37598209,0.03893596678972244,332210,322176,0.00073,0.0857759416103363,2.2454373855143785,0.777203711506445,-0.5851742492523044,0.0058015603353851475,-19.068279266357422,0,-18.187501341104507,1.416485071182251,-18.187501341104507,-19.068279266357422
701.34,496,3727,89,293.11543485000004,0.03888673335313797,335044,325056,0.00073,0.16812396049499512,2.057479053735733,0.4717695423751138,0.06183729087933898,0.005762775064795278,-18.65576934814453,0,-18.49172595143318,1.8798186779022217,-18.49172595143318,-18.65576934814453
700.74,500,3758,89,293.07010611,0.03889057785272598,337782,327744,0.00073,3.506547212600708,2.4233143543824553,0.5149399434158113,0.39584745885804296,0.005510505950951483,-18.95150375366211,0,-18.545356661081314,1.2837697267532349,-18.545356661081314,-18.95150375366211
699.75,504,3790,89,293.16504306999997,0.03873436152935028,340637,330624,0.00073,1.8882472515106201,2.0696219336241484,0.42174683592747897,-0.36933408840559423,0.0058769909519469365,-18.573911666870117,0,-18.776296138763428,3.3094472885131836,-18.776296138763428,-18.573911666870117
707.61,508,3819,89,299.80348803000004,0.03876343369483948,343159,333120,0.00073,0.07156158983707428,1.9870741786435246,0.6252285104274051,-0.4617463294416666,0.0057717325471458025,-19.051069259643555,0,-18.629182189702988,1.3924486637115479,-18.629182189702988,-19.051069259643555
705.49,512,3849,89,299.1109001,0.03868092596530914,345792,335744,0.00073,0.10959289222955704,2.550983102992177,0.4563855541346129,0.7066464717499912,0.0057885420974344015,-18.657455444335938,0,-18.704282462596893,3.011589527130127,-18.704282462596893,-18.657455444335938
709.64,516,3882,89,302.71784441000005,0.03868620842695236,348613,338624,0.00073,0.06150905787944794,2.0182152427732944,0.7413342318031937,-0.0479703217279166,0.005827311506436672,-19.16893196105957,0,-18.67873850464821,1.0567123889923096,-18.67873850464821,-19.16893196105957
717.29,520,3915,89,308.90058093,0.038655705749988556,351506,341504,0.00073,0.049198731780052185,2.3927072901278734,0.6116466370876878,0.434575114864856,0.005853070360899437,-19.466907501220703,0,-18.83085823059082,1.742558240890503,-18.83085823059082,-19.466907501220703
710.48,524,3941,89,304.83868728,0.038572024554014206,353741,343744,0.00073,0.09606016427278519,2.250130133703351,0.6222737651551142,0.09147666930221021,0.005922140349866822,-18.223161697387695,0,-18.72042977809906,2.4735331535339355,-18.72042977809906,-18.223161697387695
709.79,528,3973,89,304.93929526000005,0.03852319344878197,356570,346560,0.00073,0.16424664855003357,2.147540671750903,0.6406075485283509,0.40443584276363254,0.00584728558169445,-18.800552368164062,0,-18.796086013317108,1.1402812004089355,-18.796086013317108,-18.800552368164062
708.84,532,4006,89,305.00542659999996,0.0384250283241272,359457,349440,0.00073,1.7321560382843018,2.203303374350071,0.5808885164151434,-0.45577486557886004,0.0057223642215831205,-19.036094665527344,0,-18.961927264928818,1.0689045190811157,-18.961927264928818,-19.036094665527344
701.15,536,4032,89,300.90712228000007,0.0383184440433979,361665,351680,0.00073,0.06747427582740784,2.5456766495481133,0.6472659423016012,0.13910145638510585,0.005667325800459366,-18.951080322265625,0,-18.92844995856285,2.497354745864868,-18.92844995856285,-18.951080322265625
698.65,540,4064,89,301.02569467999996,0.03822386637330055,364495,354496,0.00073,0.139151930809021,2.2489514090120792,0.8483877913677134,0.43311044888105243,0.005771828262368217,-17.963863372802734,0,-19.135735273361206,2.2482128143310547,-19.135735273361206,-17.963863372802734
695.88,544,4095,89,299.17184130000004,0.03814154863357544,367210,357184,0.00073,1.8076391220092773,2.3479870054870844,0.693257556995377,-0.8146776775829494,0.005514040298294276,-19.097068786621094,0,-19.147376537322998,1.4492894411087036,-19.147376537322998,-19.097068786621094
695.32,548,4127,89,299.30840299999994,0.038084179162979126,370096,360064,0.00073,0.11190426349639893,2.2304042875766754,0.6773526563192718,0.09615643718279898,0.005791451971163042,-18.91017723083496,0,-19.249183654785156,1.9398231506347656,-19.249183654785156,-18.91017723083496
699.03,552,4158,89,301.60326082,0.03803792968392372,372782,362752,0.00073,0.03441063314676285,2.25435131136328,0.5452551980270073,-0.5037807398475707,0.005606376231298782,-19.84383773803711,0,-19.11649176478386,1.2073566913604736,-19.11649176478386,-19.84383773803711
695.98,556,4189,89,299.6649414699999,0.037996917963027954,375479,365440,0.00073,1.8173781633377075,2.1614649947732687,0.6147992561454885,-0.05806451663374901,0.006437192838347983,-18.968791961669922,0,-19.367019057273865,1.2981529235839844,-19.367019057273865,-18.968791961669922
695.31,560,4221,89,299.78296083000004,0.03796921670436859,378302,368256,0.00073,0.12496750801801682,2.215731931850314,0.4402191518456675,-0.3915884322486818,0.005980158159218263,-19.46436309814453,0,-19.474540442228317,1.4177186489105225,-19.474540442228317,-19.46436309814453
694.27,564,4254,89,299.90765351,0.037970561534166336,381165,371136,0.00073,0.2268320918083191,2.1716966684907675,0.5782627628359478,-0.4391572969034314,0.005947995479800738,-18.923080444335938,0,-19.442829102277756,4.724985122680664,-19.442829102277756,-18.923080444335938
692.31,568,4287,89,299.97811043999997,0.03796696290373802,384012,374016,0.00073,1.8077409267425537,2.325574791058898,0.41928583741537295,0.696655256440863,0.005767198061221279,-18.492481231689453,0,-19.60995301604271,2.0405962467193604,-19.60995301604271,-18.492481231689453
688.48,572,4316,89,297.22346437,0.03796261548995972,386555,376512,0.00073,0.029282741248607635,2.3264524582773447,0.5056223192950711,-0.18730380188208073,0.005485264751769137,-19.84195327758789,0,-19.579323649406433,1.4121485948562622,-19.579323649406433,-19.84195327758789
687.52,576,4349,89,297.25199045,0.03790314495563507,389387,379392,0.00073,0.28642094135284424,2.3467571064829826,0.7162584550387692,0.7972698279190809,0.006222519848961383,-20.305194854736328,0,-19.69674190878868,1.7239195108413696,-19.69674190878868,-20.305194854736328
687.24,580,4382,89,297.30118125,0.037821993231773376,392257,382272,0.00073,0.08266645669937134,2.250264670699835,0.731155056739226,1.623077021446079,0.0059191098844166845,-19.926029205322266,0,-19.763225466012955,1.1922112703323364,-19.763225466012955,-19.926029205322266
686.37,584,4414,89,297.31653645,0.03774198517203331,395088,385088,0.00073,0.10293769836425781,2.2560275737196207,0.5294006379554048,0.4096704872790724,0.0054646566131850705,-19.637054443359375,0,-19.728878140449524,3.119554042816162,-19.728878140449524,-19.637054443359375
685.99,588,4446,89,298.60287217999996,0.0377979539334774,397929,387904,0.00073,0.3249986171722412,2.140916778706014,0.42039939638925716,0.4200176391750574,0.005840790290676523,-19.312374114990234,0,-19.855340629816055,1.6776484251022339,-19.855340629816055,-19.312374114990234
685.09,592,4478,89,298.68048311999996,0.03779686242341995,400719,390720,0.00073,0.033164165914058685,2.4600228145718575,0.5796399773971643,0.33420008327811956,0.005601885357464198,-20.661073684692383,0,-20.04553696513176,3.2902235984802246,-20.04553696513176,-20.661073684692383
684.54,596,4510,89,298.70328605000003,0.037814363837242126,403498,393472,0.00073,1.6321290731430054,2.09517128393054,0.7262784826743882,0.1376428073272109,0.005756892278441228,-19.67812728881836,0,-19.95429739356041,2.567577600479126,-19.95429739356041,-19.67812728881836
684.87,600,4541,89,300.86250246,0.037870217114686966,406269,396224,0.00073,1.8490924835205078,2.3666591085493565,0.48673764942213893,0.5465874501969665,0.0060479479798232205,-20.342220306396484,0,-19.996854335069656,3.168621063232422,-19.996854335069656,-20.342220306396484
683.88,604,4573,89,300.89727976,0.03780632093548775,409025,399040,0.00073,1.7503464221954346,2.3249891782179475,0.8746580394217744,-0.893446296453476,0.005608204992313404,-19.894235610961914,0,-19.975213050842285,1.1302692890167236,-19.975213050842285,-19.894235610961914
684.4,608,4603,89,301.63877329999997,0.03777889907360077,411599,401600,0.00073,0.4749404191970825,2.369879564270377,0.5721741622255649,-0.6746587802190334,0.005675074171449523,-20.415817260742188,0,-20.14560678601265,1.739405870437622,-20.14560678601265,-20.415817260742188
685.43,612,4633,89,303.99380313999995,0.037755586206912994,414335,404288,0.00073,0.0364079587161541,2.365708515048027,0.8574788405676372,1.2839868225855753,0.005618121664156206,-20.63130760192871,0,-20.086023151874542,1.892825961112976,-20.086023151874542,-20.63130760192871
685.45,616,4666,89,304.0258574,0.03778446465730667,417158,407168,0.00073,1.6555577516555786,2.2756553646177053,0.6526071269618114,0.4351293040672317,0.00588045921176672,-19.907405853271484,0,-20.038086265325546,1.4701051712036133,-20.038086265325546,-19.907405853271484
683.26,620,4696,89,302.31361675999995,0.03782585263252258,419832,409792,0.00073,0.0728428065776825,2.4254644494503736,0.7113773395249154,-0.4489970365539193,0.005915884212299716,-20.16009521484375,0,-20.134961515665054,2.986745834350586,-20.134961515665054,-20.16009521484375
688.61,624,4728,89,306.51634167,0.037928469479084015,422602,412608,0.00073,0.059890247881412506,2.369198272936046,0.6270328657119535,-0.2943184869363904,0.006250368685869034,-20.105392456054688,0,-20.197112888097763,1.6710801124572754,-20.197112888097763,-20.105392456054688
685.19,628,4757,89,303.92893234,0.037898287177085876,425089,415104,0.00073,0.17619141936302185,2.2245704252272844,0.6520267400192097,0.11493245139718056,0.006225378536328208,-20.57883644104004,0,-20.171005308628082,2.883756399154663,-20.171005308628082,-20.57883644104004
683.97,632,4789,89,303.91097578000006,0.03786322474479675,427854,417856,0.00073,0.054924894124269485,2.160145596601069,0.678035547141917,-0.0020078723318874836,0.006344681853079237,-20.697811126708984,0,-20.101580172777176,1.5585039854049683,-20.101580172777176,-20.697811126708984
688.01,636,4819,89,306.39756674999995,0.037926241755485535,430466,420480,0.00073,0.14156848192214966,2.462966313585639,0.6420159823319409,0.33829311048612,0.005737828105338849,-19.712425231933594,0,-20.156908094882965,2.2777328491210938,-20.156908094882965,-19.712425231933594
687.62,640,4850,89,306.35312363,0.03792264312505722,433257,423232,0.00073,1.8821396827697754,2.086553172208369,0.5357255334529327,-0.017065178602933884,0.006218545553565491,-20.554798126220703,0,-20.129302233457565,1.0834494829177856,-20.129302233457565,-20.554798126220703
687.94,644,4882,89,308.31903721,0.03805472329258919,436004,425984,0.00073,3.6512656211853027,2.205371519550681,0.670400762319332,-1.3503896133042872,0.0062971347870188765,-19.005136489868164,0,-20.07507234811783,3.0274887084960938,-20.07507234811783,-19.005136489868164
683.31,648,4909,89,305.44075903,0.03798896446824074,438427,428416,0.00073,0.03219195455312729,2.1114696636795998,0.6840019518858753,0.257769298623316,0.006184838828630745,-20.628093719482422,0,-20.00862154364586,2.9134037494659424,-20.00862154364586,-20.628093719482422
679.93,652,4936,89,303.90789315,0.03797686845064163,440775,430784,0.00073,0.04658383131027222,2.206557659432292,0.49337535962695256,1.0789742947090417,0.005836926276970189,-20.365934371948242,0,-20.118988543748856,4.461644172668457,-20.118988543748856,-20.365934371948242
680.03,656,4967,89,303.20804305999997,0.03791995719075203,443482,433472,0.00073,0.08823512494564056,2.2272466346621513,0.6955957227910403,0.06926463963463902,0.0063607165502617136,-20.145397186279297,0,-20.124356776475906,2.0444748401641846,-20.124356776475906,-20.145397186279297
679.58,660,4999,89,303.26956909,0.03790932893753052,446260,436224,0.00073,1.8831682205200195,2.187396517023444,0.7139621867827373,-0.8369171521626413,0.006342565109662246,-20.165435791015625,0,-20.267118245363235,1.3113456964492798,-20.267118245363235,-20.165435791015625
679.22,664,5031,89,303.29441904,0.03787778317928314,449087,439040,0.00073,0.07969643175601959,2.5738738868385553,0.6049528279982042,0.059565773350186646,0.005995379055093508,-19.77053451538086,0,-20.36511728167534,2.2519593238830566,-20.36511728167534,-19.77053451538086
678.75,668,5063,89,303.34365406999996,0.037825584411621094,451887,441856,0.00073,0.03901568055152893,2.508040914312005,0.6290359261038247,-0.27701227413490415,0.006151853944174945,-20.340972900390625,0,-20.386136054992676,3.6018333435058594,-20.386136054992676,-20.340972900390625
680.61,672,5094,89,304.55141165000003,0.03767944499850273,454616,444608,0.00073,0.029157452285289764,2.145368500612676,0.6059727401152486,0.46020339615643024,0.005726346556912176,-21.059810638427734,0,-20.450243800878525,1.5802280902862549,-20.450243800878525,-21.059810638427734
679.85,676,5126,89,304.59492938999995,0.03763341158628464,457372,447360,0.00073,1.9071171283721924,2.2485994938760996,0.5310278196120635,0.5438972164411098,0.005946026627498213,-19.891803741455078,0,-20.56305631995201,1.3507640361785889,-20.56305631995201,-19.891803741455078
678.8,680,5157,89,304.62083359,0.03756750375032425,460137,450112,0.00073,1.8661210536956787,2.131147712469101,0.6608938050922006,-0.62708177883178,0.006379880782333203,-20.767719268798828,0,-20.58830487728119,4.587080001831055,-20.58830487728119,-20.767719268798828
677.7,684,5189,89,304.68820766,0.037526387721300125,462858,452864,0.00073,1.8381729125976562,2.092599928379059,0.7386125373013783,-0.1841771366307512,0.006089276612328831,-20.402034759521484,0,-20.62288585305214,0.988987922668457,-20.62288585305214,-20.402034759521484
677.29,688,5220,89,304.7251443,0.037588413804769516,465658,455616,0.00073,0.22275584936141968,2.5946713108569384,0.44682857826410327,-0.6423164620064199,0.005903682380449027,-20.418399810791016,0,-20.692428588867188,3.3922557830810547,-20.692428588867188,-20.418399810791016
676.41,692,5251,89,304.68100781,0.03757530078291893,468360,458368,0.00073,0.040592487901449203,2.1070702839642763,0.767361751786666,-0.8570514116436243,0.006284568211412989,-20.98946762084961,0,-20.70722907781601,2.5512914657592773,-20.70722907781601,-20.98946762084961
674.41,696,5281,89,302.62592778,0.03754322975873947,470939,460928,0.00073,0.040592536330223083,2.1481722220778465,0.6535195855249185,0.5214741019299254,0.006188513369124848,-20.711172103881836,0,-20.56887847185135,2.014399766921997,-20.56887847185135,-20.711172103881836
674.69,700,5313,89,302.67539098000003,0.03748394176363945,473738,463744,0.00073,0.06902246922254562,2.1579543463885784,0.5856351444090251,0.3229012609226629,0.006457485142163932,-20.585529327392578,0,-20.57676661014557,1.974192500114441,-20.57676661014557,-20.585529327392578
675.03,704,5344,89,302.76403158,0.03741202875971794,476528,466496,0.00073,0.03931228071451187,2.4009740352630615,0.6536473261367064,-0.5335469029378146,0.006166889754240401,-21.15023422241211,0,-20.696139842271805,2.1366822719573975,-20.696139842271805,-21.15023422241211
677.07,708,5377,89,304.94619900000004,0.03735481947660446,479306,469312,0.00073,1.8385825157165527,2.100083252415061,0.9645855046692304,-0.587242089677602,0.0059865067305509,-21.238372802734375,0,-20.677865266799927,0.9359570741653442,-20.677865266799927,-21.238372802734375
677.1,712,5407,89,305.01898504,0.03735630586743355,482045,472000,0.00073,0.14938238263130188,2.3088377080857754,0.7799455377680715,1.1317299860529602,0.005783851243904792,-20.521949768066406,0,-20.727508038282394,2.291513442993164,-20.727508038282394,-20.521949768066406
676.11,716,5439,89,305.09994853,0.03727695718407631,484769,474752,0.00073,0.05972736328840256,2.4084901930764318,0.7236035609967075,-0.037918173475191,0.006256729961023666,-19.873348236083984,0,-20.702781826257706,2.9005751609802246,-20.702781826257706,-19.873348236083984
673.72,720,5467,89,303.00776467,0.037312764674425125,487204,477184,0.00073,2.0210390090942383,2.2119163060560822,0.490497396531282,0.7475089984945953,0.0061099131489754654,-21.134023666381836,0,-20.7346713244915,2.530111789703369,-20.7346713244915,-21.134023666381836
673.6,724,5498,89,303.0487433999999,0.03726687282323837,489962,479936,0.00073,0.05127013474702835,2.0883011082187295,0.738329125859309,0.26159764011390507,0.006684882224362809,-21.01959991455078,0,-20.71542066335678,2.0067033767700195,-20.71542066335678,-21.01959991455078
676.39,728,5530,89,305.70270342,0.03717425838112831,492728,482688,0.00073,0.029988408088684082,2.1520635969936848,0.5898237551591592,-0.7546649063006043,0.006602650864806492,-20.269550323486328,0,-20.730774402618408,1.6971806287765503,-20.730774402618408,-20.269550323486328
671.45,732,5556,89,301.18058800999995,0.037191711366176605,494999,484992,0.00073,0.07463256269693375,2.2701631104573607,0.7082574874220882,-0.1752551170065999,0.006503255368443206,-20.526519775390625,0,-20.71879968047142,1.3214192390441895,-20.71879968047142,-20.526519775390625
672.18,736,5587,89,301.57415584,0.037165433168411255,497684,487680,0.00073,2.376117706298828,2.391023760661483,0.6991296817723196,-0.24045185348950326,0.006571346195414662,-20.28356170654297,0,-20.657948583364487,6.610501289367676,-20.657948583364487,-20.28356170654297
