time/time_elapsed,time/fps,time/episodes,time/total_timesteps,rollout/ep_rew_mean,rollout/ep_len_mean,train/RL_loss,train/actor_loss,train/loss,train/learning_rate,train/MSE_loss,train/Main_losses,train/MSE_losses,train/critic_loss,train/n_updates,train/Beta,train/critic_los
0,1890,4,310,-100.4285555,77.5,,,,,,,,,,,
1,2048,8,3644,-98.26156449999999,455.5,,,,,,,,,,,
2,2055,12,5575,-100.30593825,464.5833333333333,,,,,,,,,,,
4,2054,16,8905,-99.0363748125,556.5625,,,,,,,,,,,
5,1939,20,10824,-98.02969350000001,541.2,,,,,,,,,,,
15,719,24,11007,-101.32055933333334,458.625,0.06554611027240753,0.17488254930570044,0.06554611027240753,0.001,6.662148475646973,0.17488254930570044,7.192351926456798,12.19946464151144,1739,0.0,0.47630858421325684
26,490,28,12934,-103.64049657142857,461.92857142857144,-0.29617178440093994,0.03369520114050829,-0.29617178440093994,0.001,9.1194429397583,0.03369520114050829,8.939246327280998,5.1796590627916155,3458,0.0,5.1259002685546875
48,340,32,16642,-105.87271371874999,520.0625,-1.2901910543441772,-1.1369448386389633,-1.2901910543441772,0.001,8.9627685546875,-1.1369448386389633,9.1663870975889,4.397297793904603,6969,0.0,0.1409204602241516
62,294,36,18454,-106.59690652777778,512.6111111111111,-0.8389384150505066,-1.0086651033646352,-0.8389384150505066,0.001,8.293596267700195,-1.0086651033646352,8.577383672868883,3.057726566718049,9176,0.0,0.40341952443122864
83,262,40,21979,-108.63028464999998,549.475,-0.7384079098701477,-0.9145217508275527,-0.7384079098701477,0.001,9.574560165405273,-0.9145217508275527,9.735429943799973,3.0680573602672667,12488,0.0,2.0895652770996094
90,267,44,24116,-111.56967109090907,548.0909090909091,-1.2776987552642822,-0.6162140542641282,-1.2776987552642822,0.001,10.094034194946289,-0.6162140542641282,9.977686510086059,3.6089828345179558,13292,0.0,0.42239660024642944
119,230,48,27603,-111.79632664583333,575.0625,-0.5426426529884338,-0.333931932002306,-0.5426426529884338,0.001,8.529729843139648,-0.333931932002306,8.819895935058593,6.58810689870049,18143,0.0,0.3811790943145752
122,227,52,27901,-111.38468544230767,536.5576923076923,-0.6960697174072266,-0.34938322590438253,-0.6960697174072266,0.001,8.366199493408203,-0.34938322590438253,8.664163127089992,1.413318455445044,18615,0.0,0.2958821654319763
126,228,56,28821,-111.86440955357143,514.6607142857143,-0.19433443248271942,-0.17658732443518893,-0.19433443248271942,0.001,8.500818252563477,-0.17658732443518893,8.770284556778225,5.667822076764941,19140,0.0,1.042292833328247
134,221,60,29816,-111.62725813333333,496.93333333333334,-0.8153461217880249,-0.22533913045251547,-0.8153461217880249,0.001,8.195438385009766,-0.22533913045251547,8.848205208778381,3.9612856899795967,20509,0.0,1.3006579875946045
136,220,64,30113,-110.990066046875,470.515625,-0.7915179133415222,-0.08163450624455106,-0.7915179133415222,0.001,8.693671226501465,-0.08163450624455106,8.89157603003762,3.7197700278325514,20793,0.0,4.280052185058594
138,219,68,30351,-110.40986104411765,446.3382352941176,0.9936126470565796,0.08488554713027231,0.9936126470565796,0.001,9.073843955993652,0.08488554713027231,8.859742657891635,3.8931758848198674,21070,0.0,71.05680084228516
140,218,72,30741,-110.08828723611111,426.9583333333333,-0.6059530973434448,0.21929673027051122,-0.6059530973434448,0.001,8.802119255065918,0.21929673027051122,8.997404437316092,1.952867444753647,21400,0.0,0.5396513938903809
149,214,76,32133,-110.8307372631579,422.80263157894734,-0.3824434280395508,-0.03768725870984679,-0.3824434280395508,0.001,9.888972282409668,-0.03768725870984679,8.862999900126121,2.107299076826115,22831,0.0,0.7193261981010437
151,213,80,32427,-110.4335167125,405.3375,0.6325555443763733,0.2532355008093086,0.6325555443763733,0.001,8.69199275970459,0.2532355008093086,8.842164619548901,2.5085111513529736,23122,0.0,1.3217730522155762
153,213,84,32689,-110.02032884523813,389.1547619047619,0.3290744423866272,0.3217295650392771,0.3290744423866272,0.001,9.437887191772461,0.3217295650392771,8.448311179876328,2.598168789394318,23386,0.0,0.8731533288955688
155,212,88,33058,-109.75927252272727,375.65909090909093,0.001065063406713307,0.19867318827585367,0.001065063406713307,0.001,8.226932525634766,0.19867318827585367,8.61711963854338,2.0291324011318346,23779,0.0,0.9783902168273926
157,211,92,33390,-109.52855630434784,362.9347826086956,0.390889048576355,0.5817797250397827,0.390889048576355,0.001,8.79782772064209,0.5817797250397827,8.527630059615426,5.253300885791364,24045,0.0,4.002651691436768
159,210,96,33705,-109.13380788541667,351.09375,2.45668363571167,0.8638039163406939,2.45668363571167,0.001,8.787036895751953,0.8638039163406939,8.59011266708374,1.7904530906677245,24423,0.0,3.689619541168213
162,209,100,34156,-108.88568597000001,341.56,-0.11494281142950058,0.5643409021059176,-0.11494281142950058,0.001,9.1830415725708,0.5643409021059176,8.466998510463263,1.498354814503644,24852,0.0,4.018712520599365
166,208,104,34668,-109.09098632999999,343.58,-0.9028880000114441,1.3072197987210183,-0.9028880000114441,0.001,7.46070671081543,1.3072197987210183,8.091126998265585,1.5872475962553705,25382,0.0,0.5019680857658386
168,208,108,34981,-109.33173129,313.37,-0.3777419328689575,1.2164171573615843,-0.3777419328689575,0.001,7.811454772949219,1.2164171573615843,7.881231338747086,2.2358195190391843,25679,0.0,0.7561470866203308
169,207,112,35257,-109.17681277,296.82,0.6123355031013489,1.1596426889300346,0.6123355031013489,0.001,8.85165023803711,1.1596426889300346,8.103785172486917,2.4420276208768916,25971,0.0,0.9724173545837402
171,206,116,35527,-109.52483053,266.22,2.0624403953552246,1.2948009648493357,2.0624403953552246,0.001,6.934182643890381,1.2948009648493357,7.996724384171622,1.3175908720919065,26243,0.0,1.4986042976379395
173,206,120,35766,-109.94245305999999,249.42,3.2687671184539795,1.6827125480329548,3.2687671184539795,0.001,8.809148788452148,1.6827125480329548,7.9945693545871315,1.4513745431630116,26484,0.0,1.781076431274414
174,206,124,36001,-109.31775042000001,249.94,3.785029172897339,2.236002946593638,3.785029172897339,0.001,7.681257247924805,2.236002946593638,7.9401646646960025,1.6860488601799668,26717,0.0,0.8207019567489624
176,205,128,36209,-108.71844265,232.75,2.430229663848877,1.9174845056539331,2.430229663848877,0.001,7.289113998413086,1.9174845056539331,7.753873860394513,1.488912509246306,26931,0.0,0.7492401599884033
177,205,132,36409,-107.96223347000002,197.67,1.9753570556640625,2.5045220639843206,1.9753570556640625,0.001,7.692328929901123,2.5045220639843206,7.7546365811274605,1.238458738877223,27134,0.0,1.435124397277832
178,204,136,36638,-107.51628617000001,181.84,3.7693939208984375,2.401928113709236,3.7693939208984375,0.001,6.84667444229126,2.401928113709236,7.561682109175058,1.5933130851079678,27360,0.0,1.3247685432434082
180,204,140,36850,-106.49981796000002,148.71,1.0255674123764038,2.2318410621634843,1.0255674123764038,0.001,7.143802165985107,2.2318410621634843,7.854524086261618,1.302651218299208,27575,0.0,1.1424460411071777
181,204,144,37050,-104.95702165,129.34,1.5374042987823486,2.8724085956811907,1.5374042987823486,0.001,7.368190765380859,2.8724085956811907,7.797863030433655,1.9808572858572007,27768,0.0,2.7448887825012207
182,203,148,37277,-104.49320163,96.74,0.6846753358840942,3.0894540368482986,0.6846753358840942,0.001,6.649172306060791,3.0894540368482986,7.732852606937803,2.029513705907197,27995,0.0,0.7093179225921631
184,203,152,37494,-104.38044129999999,95.93,4.190110206604004,3.1050679783026376,4.190110206604004,0.001,8.74159049987793,3.1050679783026376,7.959413647651672,2.121416230590976,28225,0.0,1.614044427871704
185,203,156,37710,-103.81939607,88.89,3.077677011489868,2.76546102975096,3.077677011489868,0.001,7.953964710235596,2.76546102975096,7.94829751764025,1.691687081076882,28424,0.0,2.2807838916778564
187,202,160,37926,-103.58362432,81.1,1.7616699934005737,3.737641733704191,1.7616699934005737,0.001,7.926048278808594,3.737641733704191,7.688303716254957,1.6649645108785203,28641,0.0,1.4259669780731201
188,202,164,38160,-103.68194995,80.47,3.6704936027526855,3.7681685227614183,3.6704936027526855,0.001,7.616579532623291,3.7681685227614183,7.548363630588238,1.9289642022206233,28859,0.0,2.245227098464966
189,202,168,38364,-103.97033083999999,80.13,2.8930163383483887,4.204142126039817,2.8930163383483887,0.001,7.514976501464844,4.204142126039817,7.501090031403762,2.1963333557633793,29070,0.0,1.2555031776428223
191,201,172,38568,-104.03287313999999,78.27,1.983784794807434,4.012185615301132,1.983784794807434,0.001,8.366917610168457,4.012185615301132,7.666722345352173,1.9184190899133682,29294,0.0,2.998049736022949
192,201,176,38795,-103.30759442,66.62,3.5679643154144287,4.39634340763092,3.5679643154144287,0.001,7.857738971710205,4.39634340763092,7.809105300903321,2.3284870023820914,29515,0.0,1.2557661533355713
194,200,180,39009,-103.43713693000001,65.82,4.827540874481201,4.409548572368092,4.827540874481201,0.001,7.20512580871582,4.409548572368092,7.665482852194044,1.9147558457230869,29743,0.0,1.7411342859268188
195,200,184,39280,-103.60461565999996,65.91,5.285136699676514,5.30553275346756,5.285136699676514,0.001,6.641702175140381,5.30553275346756,7.791661474439833,2.5387833857200515,29974,0.0,2.200679302215576
207,198,188,41083,-103.76178899,80.25,4.625545024871826,5.774332739412785,4.625545024871826,0.001,7.844855785369873,5.774332739412785,8.03792779147625,1.9245278688577505,31775,0.0,2.0400991439819336
220,201,192,44469,-103.61892599999999,110.79,8.708343505859375,6.157578211352229,8.708343505859375,0.001,8.295108795166016,6.157578211352229,7.880481741428375,1.8913225086592138,33645,0.0,1.1965733766555786
250,191,196,47943,-104.67877270999998,142.38,11.053692817687988,7.133024270555614,11.053692817687988,0.001,7.554396629333496,7.133024270555614,7.793369632002376,1.6434032259939895,38480,0.0,1.917140007019043
274,192,200,52923,-104.14760024000002,187.67,7.557344913482666,7.507315501272679,7.557344913482666,0.001,7.746561527252197,7.507315501272679,7.764281435608864,1.5575701524689793,42099,0.0,2.6287782192230225
284,186,204,53253,-104.00935249999999,185.85,8.51693058013916,7.723103327221341,8.51693058013916,0.001,8.690052032470703,7.723103327221341,7.485281075371637,1.4102010639865747,43958,0.0,0.8542759418487549
296,185,208,55123,-103.63317845,201.42,8.638400077819824,8.679021161178063,8.638400077819824,0.001,6.814822673797607,8.679021161178063,7.299663708127778,1.2484590806837739,45821,0.0,1.9978082180023193
299,186,212,55759,-103.70211122999997,205.02,9.041375160217285,8.287425518035889,9.041375160217285,0.001,7.346390247344971,8.287425518035889,7.165283438364665,1.390927420258522,46243,0.0,0.8513294458389282
304,189,216,57701,-103.40742698999999,221.74,5.917763710021973,8.214482177387584,5.917763710021973,0.001,6.3937249183654785,8.214482177387584,6.953676115382802,1.4670256007923168,46877,0.0,1.3071186542510986
334,182,220,61098,-102.29925594999999,253.32,9.642717361450195,8.901367680132388,9.642717361450195,0.001,7.079094886779785,8.901367680132388,6.8675670784711835,1.299105298370123,51756,0.0,1.036216378211975
357,184,224,66019,-101.6447159,300.18,7.340773582458496,9.065688837468624,7.340773582458496,0.001,5.958424091339111,9.065688837468624,6.3806750184297565,1.1608415271528065,55195,0.0,2.2468175888061523
398,181,228,72419,-100.62836743,362.1,6.049556732177734,8.82359295874834,6.049556732177734,0.001,7.26011323928833,8.82359295874834,6.95782658457756,0.9889636823628097,61595,0.0,0.7361932396888733
439,179,232,78819,-100.41113448000002,424.1,8.922764778137207,8.439004532396794,8.922764778137207,0.001,5.346163272857666,8.439004532396794,5.936139387488365,0.8461872667260468,67995,0.0,0.31865185499191284
480,177,236,85219,-100.28134909999999,485.81,6.086165428161621,7.783749097883701,6.086165428161621,0.001,5.804256916046143,7.783749097883701,6.104959325790405,0.7855415697861463,74395,0.0,0.7067644596099854
511,176,240,90090,-100.49587514999996,532.4,8.227472305297852,7.183170765638351,8.227472305297852,0.001,6.076989650726318,7.183170765638351,5.7902746707201,0.7306855792924761,79266,0.0,0.6691270470619202
550,172,244,94936,-99.74425207999998,578.86,3.350301504135132,5.756985072046518,3.350301504135132,0.001,5.531589031219482,5.756985072046518,5.602245166301727,0.7589302821923047,85666,0.0,0.7045314311981201
562,174,248,98230,-101.36327979999999,609.53,5.347445487976074,5.185338711366057,5.347445487976074,0.001,6.424328327178955,5.185338711366057,6.0375177252292636,0.8148790791537612,87406,0.0,0.8173273801803589
572,171,252,98421,-102.20927357999999,609.27,2.3251428604125977,4.242606453273607,2.3251428604125977,0.001,8.476001739501953,4.242606453273607,7.899372722791589,0.8459160784457592,89149,0.0,0.8061192631721497
573,171,256,98613,-103.02488648000002,609.03,4.718912124633789,4.560251961583677,4.718912124633789,0.001,7.543492317199707,4.560251961583677,7.939851118170696,0.935522457386585,89341,0.0,0.7658311128616333
574,171,260,98805,-103.92142785,608.79,5.250181198120117,4.955871204535167,5.250181198120117,0.001,7.436770439147949,4.955871204535167,7.516549189885457,0.7537376216302315,89532,0.0,0.7431950569152832
596,173,264,103653,-105.08003624999999,654.93,5.627930641174316,4.725712496507913,5.627930641174316,0.001,7.100712299346924,4.725712496507913,7.522421019673348,0.8308551784884185,92829,0.0,0.6524006128311157
607,171,268,104148,-105.43517548999998,657.84,6.867690086364746,4.6413037692996815,6.867690086364746,0.001,7.65225076675415,4.6413037692996815,7.399040363204311,0.7733836879471799,94799,0.0,1.120361328125
611,173,272,106074,-105.68607684,675.06,5.428067684173584,5.0561666816473005,5.428067684173584,0.001,6.961559772491455,5.0561666816473005,7.4245237588882445,0.9532678170129657,95250,0.0,0.9634968638420105
641,170,276,109419,-106.04611063000002,706.24,5.021638870239258,5.147860797122121,5.021638870239258,0.001,7.487735271453857,5.147860797122121,7.594502208232879,0.8217324414476752,100100,0.0,0.8887273073196411
655,172,280,113019,-106.49594392000003,740.1,5.847438335418701,5.353970071077347,5.847438335418701,0.001,7.950118064880371,5.353970071077347,7.668727369904518,0.8004610248841345,102195,0.0,0.4945754408836365
694,169,284,117893,-103.84184769,786.13,4.1916022300720215,5.769197613298893,4.1916022300720215,0.001,7.84686279296875,5.769197613298893,8.146271662116051,0.8004626044072211,108595,0.0,0.25424671173095703
725,169,288,122795,-103.14681143000001,817.12,4.6820197105407715,5.809295711517334,4.6820197105407715,0.001,7.452239036560059,5.809295711517334,8.221667163968085,0.7631839807657524,113469,0.0,0.4986470937728882
757,170,292,129195,-103.34058033000002,847.26,4.956349849700928,5.895723812580108,4.956349849700928,0.001,8.333255767822266,5.895723812580108,8.169393411874772,0.6862196682672947,118371,0.0,0.9056836366653442
786,168,296,132515,-102.56153143000002,845.72,7.684869289398193,6.038948720501315,7.684869289398193,0.001,8.026543617248535,6.038948720501315,7.766210879048994,0.693633693120172,123233,0.0,0.6256821155548096
787,168,300,132746,-103.72364741000001,798.23,8.273171424865723,6.3427725938650275,8.273171424865723,0.001,6.85098934173584,6.3427725938650275,7.343080722368681,0.927776343682233,123460,0.0,1.5477639436721802
800,169,304,136046,-103.64756855,827.93,7.00685977935791,5.899643559753895,7.00685977935791,0.001,7.403330326080322,5.899643559753895,7.649675942659378,0.7989012007601559,125222,0.0,0.6380533576011658
831,169,308,140932,-103.67886861000001,858.09,8.940832138061523,6.509899022967317,8.940832138061523,0.001,8.39739990234375,6.509899022967317,8.323530163875846,0.8790927097894424,130108,0.0,0.8722261190414429
864,169,312,146182,-103.5922738,904.23,7.225650310516357,6.1373099979758265,7.225650310516357,0.001,8.580860137939453,6.1373099979758265,7.9613560074567795,0.8472977130208165,135358,0.0,0.9116638898849487
904,168,316,152582,-102.67123180000003,948.81,9.132781982421875,6.094618004560471,9.132781982421875,0.001,7.931915283203125,6.094618004560471,8.03963433086872,0.6930540107842534,141758,0.0,0.4164124131202698
944,168,320,158982,-101.16407024000002,978.84,5.31230354309082,6.003820238113403,5.31230354309082,0.001,8.741358757019043,6.003820238113403,9.057132681012154,0.6721880978252739,148158,0.0,1.211829423904419
984,167,324,165382,-99.82435626,993.63,6.266658782958984,5.674567269086838,6.266658782958984,0.001,8.475404739379883,5.674567269086838,8.776713696718216,0.66864022558555,154558,0.0,0.28865811228752136
1025,167,328,171782,-99.42526677000002,993.63,4.638804912567139,5.507313773930073,4.638804912567139,0.001,7.988922119140625,5.507313773930073,8.097908424139023,0.5870126174390315,160958,0.0,0.2529308497905731
1065,167,332,178182,-98.77333163000002,993.63,7.590540409088135,5.4998031610250475,7.590540409088135,0.001,10.020647048950195,5.4998031610250475,9.866617112755776,0.631165212453343,167358,0.0,0.6498101949691772
1105,166,336,184582,-97.46000457,993.63,3.8671987056732178,5.666198041141033,3.8671987056732178,0.001,8.42704963684082,5.666198041141033,8.007268071770667,0.5487604222772643,173758,0.0,0.13956882059574127
1146,166,340,190982,-96.27752367,1008.92,7.994345664978027,5.532182156145573,7.994345664978027,0.001,8.753141403198242,5.532182156145573,8.513781427145004,0.5004822528804652,180158,0.0,0.8195278644561768
1186,166,344,197382,-95.73450172999999,1024.46,7.975924968719482,5.475052150785923,7.975924968719482,0.001,7.736454963684082,5.475052150785923,8.50251495063305,0.5269260389730335,186558,0.0,0.6646370887756348
1226,166,348,203782,-93.56829081000002,1055.52,4.237666606903076,5.439905243217945,4.237666606903076,0.001,8.522711753845215,5.439905243217945,7.726651630401611,0.4941268758382648,192958,0.0,0.22489657998085022
1266,165,352,210182,-90.2043715,1117.61,6.315433025360107,5.231179598271847,6.315433025360107,0.001,7.573598861694336,5.231179598271847,8.270001522302628,0.4409190080105327,199358,0.0,0.30235159397125244
1307,165,356,216582,-87.35972272,1179.69,5.299700736999512,5.116273177564144,5.299700736999512,0.001,7.948946475982666,5.116273177564144,7.5547993248701095,0.3981588410818949,205758,0.0,0.875146746635437
1347,165,360,222982,-84.07052162999999,1241.77,3.3818678855895996,5.055645658671856,3.3818678855895996,0.001,7.869748592376709,5.055645658671856,8.107553566098213,0.35468861448112876,212158,0.0,0.35712411999702454
1388,165,364,229382,-80.08578259,1257.29,4.010616302490234,4.809517441391945,4.010616302490234,0.001,7.519278526306152,4.809517441391945,7.602193019390106,0.3497667644172907,218558,0.0,0.10878980159759521
1419,165,368,234299,-77.82324966,1301.51,3.4063377380371094,4.368958939909935,3.4063377380371094,0.001,8.210318565368652,4.368958939909935,8.33249248445034,0.3148537983419374,223475,0.0,0.13997459411621094
1459,164,372,240699,-75.44795525,1346.25,2.968524217605591,3.059738312214613,2.968524217605591,0.001,8.955107688903809,3.059738312214613,9.092643342018128,0.1842841531150043,229875,0.0,0.38915351033210754
1499,164,376,247099,-72.58910513000001,1376.8,1.9009084701538086,2.878827796280384,1.9009084701538086,0.001,8.6697359085083,2.878827796280384,8.504726591110229,0.2053864980558865,236275,0.0,0.10286799818277359
1540,164,380,253499,-70.28948533,1404.8,2.388225793838501,2.7790939658880234,2.388225793838501,0.001,8.114155769348145,2.7790939658880234,8.944406732320786,0.19821002688724548,242675,0.0,0.156486377120018
1580,164,384,259899,-70.38266707999999,1420.06,2.6987743377685547,2.4635381472110747,2.6987743377685547,0.001,10.083490371704102,2.4635381472110747,9.53545549273491,0.1735680608265102,249075,0.0,0.02226686105132103
1620,164,388,266299,-69.01844915000001,1435.04,2.1051225662231445,2.343378570973873,2.1051225662231445,0.001,9.237884521484375,2.343378570973873,9.493266085386276,0.14763638879056087,255475,0.0,0.024279940873384476
1661,164,392,272699,-66.40880272,1435.04,3.2706825733184814,2.312716003060341,3.2706825733184814,0.001,10.885014533996582,2.312716003060341,9.387530863285065,0.1544837808876764,261875,0.0,0.24417594075202942
1700,163,396,277787,-64.48307486,1452.72,2.014420509338379,2.256667205095291,2.014420509338379,0.001,8.202958106994629,2.256667205095291,8.604669761657714,0.14016829051019158,268275,0.0,0.033261239528656006
1733,163,400,284187,-61.33344309,1514.41,1.9553701877593994,2.279479170888662,1.9553701877593994,0.001,8.141387939453125,2.279479170888662,8.841535209417343,0.15747419493447523,273363,0.0,0.024669066071510315
1763,163,404,287651,-59.519676069999996,1516.05,1.7540359497070312,2.400375575489468,1.7540359497070312,0.001,8.044631958007812,2.400375575489468,8.40039488474528,0.29150608119167637,278252,0.0,0.041960641741752625
1767,163,408,288350,-59.39284639,1474.18,1.7809187173843384,2.488335283435121,1.7809187173843384,0.001,7.955451488494873,2.488335283435121,8.027471386656469,0.3386491713095076,279012,0.0,0.04247049614787102
1771,163,412,289672,-59.79117534,1434.9,1.9037212133407593,2.3118085659725565,1.9037212133407593,0.001,8.811261177062988,2.3118085659725565,8.779910208473742,0.18530594655902874,279463,0.0,0.041855327785015106
1808,163,416,296072,-59.28981065000001,1434.9,2.6615943908691406,2.417280487269163,2.6615943908691406,0.001,8.338544845581055,2.417280487269163,8.312050620317459,0.1883576759515563,285248,0.0,0.12966856360435486
1838,162,420,299484,-61.02002552,1405.02,2.429625988006592,2.374290356040001,2.429625988006592,0.001,7.573243618011475,2.374290356040001,6.955518047809601,0.21514294708438683,290199,0.0,0.0455244705080986
1862,163,424,304689,-61.756168049999985,1393.07,2.0611777305603027,2.512890835851431,2.0611777305603027,0.001,7.397268295288086,2.512890835851431,7.767237909436226,0.21634645145211834,293865,0.0,0.6747922897338867
1892,163,428,309542,-62.39774587,1377.6,2.094956398010254,2.4742932434380056,2.094956398010254,0.001,7.867057800292969,2.4742932434380056,7.69926281273365,0.16730741815001238,298718,0.0,0.025165610015392303
1933,163,432,315942,-61.325905679999984,1377.6,1.990744948387146,2.37048937484622,1.990744948387146,0.001,8.445205688476562,2.37048937484622,8.16603380560875,0.15531738523510286,305118,0.0,0.012381046079099178
1973,163,436,322342,-58.26755433,1377.6,1.7285164594650269,2.253797263801098,1.7285164594650269,0.001,7.054362773895264,2.253797263801098,8.040868616700173,0.13616597820975584,311518,0.0,0.03701344504952431
1983,162,440,322545,-59.389300569999996,1315.63,2.7370762825012207,2.1979463421381435,2.7370762825012207,0.001,7.575814723968506,2.1979463421381435,8.118616746022152,0.18190932208847888,313265,0.0,0.0359330028295517
2006,163,444,327482,-58.96305021999999,1301.0,1.5647754669189453,2.2037133173644543,1.5647754669189453,0.001,7.632115364074707,2.2037133173644543,7.479468625187874,0.195912948504847,316658,0.0,0.04305177181959152
2036,162,448,330943,-57.35827979999999,1271.61,1.9681639671325684,2.299791079759598,1.9681639671325684,0.001,7.742512226104736,2.299791079759598,7.6976867616176605,0.1861798933352111,321593,0.0,0.0206429623067379
2040,163,452,332977,-58.950208409999995,1227.95,2.46842360496521,2.3574340051793037,2.46842360496521,0.001,6.263428688049316,2.3574340051793037,6.52370355991607,0.2530624889273276,322153,0.0,0.3495636582374573
2079,162,456,337881,-58.788811919999986,1212.99,1.8927133083343506,2.1463839089870453,1.8927133083343506,0.001,6.405236721038818,2.1463839089870453,6.5865064436197285,0.21446803465281847,328553,0.0,0.05192030966281891
2091,162,460,339749,-60.624558609999994,1167.67,1.8380324840545654,2.1540236550569536,1.8380324840545654,0.001,6.610074520111084,2.1540236550569536,6.592394214272499,0.19316520420718006,330429,0.0,0.2846824824810028
2095,162,464,340389,-63.108292410000004,1110.07,1.835497498512268,2.1345185935497284,1.835497498512268,0.001,7.16215181350708,2.1345185935497284,6.760575066010158,0.2892775490763597,330933,0.0,0.017552053555846214
2119,162,468,344875,-63.35345703,1105.76,2.45611834526062,2.2207821390113316,2.45611834526062,0.001,6.698526382446289,2.2207821390113316,6.719776926813899,0.16507572807667376,334661,0.0,0.1624622642993927
2155,162,472,351194,-60.071229439999996,1104.95,1.562282681465149,2.106179599016905,1.562282681465149,0.001,6.830130577087402,2.106179599016905,6.59860353410244,0.19609826827305368,340370,0.0,0.01540711522102356
2196,162,476,357594,-57.29340571000001,1104.95,2.3912100791931152,2.014445049464703,2.3912100791931152,0.001,5.812071323394775,2.014445049464703,6.114183968305587,0.18038461449323223,346770,0.0,0.05391891673207283
2217,162,480,359589,-56.86826448,1060.9,1.9652059078216553,1.98440583050251,1.9652059078216553,0.001,6.186330318450928,1.98440583050251,6.0061474442481995,0.21905452058417724,350287,0.0,0.1965494304895401
2247,162,484,365713,-55.00623383999999,1058.14,1.405752182006836,1.9201468929783456,1.405752182006836,0.001,6.598194599151611,1.9201468929783456,5.9917099713558875,0.27591067890206133,354889,0.0,0.04362770542502403
2279,162,488,370955,-53.25142773,1046.56,2.163508653640747,1.9985255941748619,2.163508653640747,0.001,5.719954490661621,1.9985255941748619,5.779191718697548,0.235160709064221,360131,0.0,0.4219852387905121
2312,162,492,376364,-47.12128264000001,1036.65,1.411137342453003,1.8991328924149276,1.411137342453003,0.001,6.01196813583374,1.8991328924149276,5.835230348110199,0.22221052080509252,365540,0.0,0.02723148837685585
2343,162,496,380015,-42.49847337999999,1022.28,2.3493640422821045,1.742144998656698,2.3493640422821045,0.001,5.634728908538818,1.742144998656698,5.528658568140972,0.22955958471373394,370673,0.0,0.1624300479888916
2352,162,500,381652,-43.26054608,974.65,1.9279286861419678,1.8036739638558141,1.9279286861419678,0.001,5.421559810638428,1.8036739638558141,5.591211142363371,0.2096789373477938,372183,0.0,0.2669185698032379
2358,162,504,383742,-41.951039089999995,960.91,1.9495266675949097,1.7120442332087698,1.9495266675949097,0.001,6.366535663604736,1.7120442332087698,6.006999062491464,0.33383282337181425,372918,0.0,0.30765247344970703
2391,162,508,389240,-32.75066327,1008.9,1.0649200677871704,1.6288856885706384,1.0649200677871704,0.001,5.190674781799316,1.6288856885706384,5.306653720637162,0.35008796605838866,378416,0.0,0.31287863850593567
2430,162,512,395613,-20.49707969999999,1059.41,0.7723214030265808,1.3147631776602062,0.7723214030265808,0.001,6.071703910827637,1.3147631776602062,5.598678961358301,0.3854296754368327,384789,0.0,0.21710774302482605
2469,162,516,401848,-10.12757685,1057.76,0.30032169818878174,0.9796603914778097,0.30032169818878174,0.001,4.82233190536499,0.9796603914778097,4.861409893631935,0.3487223818898201,391189,0.0,0.4503091871738434
2506,162,520,407721,2.927814840000001,1082.37,0.4458925426006317,0.570977207435781,0.4458925426006317,0.001,4.421639919281006,0.570977207435781,4.640979150605332,0.30980340119565714,397101,0.0,0.06011791527271271
2540,162,524,413331,14.474307279999998,1086.42,-0.3800673484802246,0.15480772055494382,-0.3800673484802246,0.001,4.432469844818115,0.15480772055494382,4.438889039121055,0.3473677418217802,402699,0.0,0.22452574968338013
2573,162,528,418696,28.01568648,1091.54,-0.8006764054298401,-0.2429406732287524,-0.8006764054298401,0.001,4.1687703132629395,-0.2429406732287524,4.331929078855013,0.3287422859186965,408188,0.0,0.31065380573272705
2598,162,532,422774,34.865529800000004,1068.32,-0.42485570907592773,-0.6209668868036521,-0.42485570907592773,0.001,4.151889324188232,-0.6209668868036521,4.178950814100412,0.3228657240376753,412214,0.0,0.4081678092479706
2630,162,536,427852,44.808589039999994,1055.1,0.02221752144396305,-0.9200310214746452,0.02221752144396305,0.001,4.14479398727417,-0.9200310214746452,4.104750692939454,0.37032672323149773,417474,0.0,0.09864000976085663
2659,162,540,432518,57.296822070000005,1099.73,-1.8923381567001343,-1.3147872109482541,-1.8923381567001343,0.001,3.4186761379241943,-1.3147872109482541,4.146401173190067,0.3902427206226918,422073,0.0,0.3351503014564514
2686,162,544,436994,68.92891738,1095.12,-0.9673486351966858,-1.651171771214125,-0.9673486351966858,0.001,3.8156232833862305,-1.651171771214125,3.9479945855632796,0.34362613637248673,426633,0.0,0.2931029498577118
2714,162,548,441529,81.92644747,1105.86,-2.9992663860321045,-2.0127107926123613,-2.9992663860321045,0.001,3.8174123764038086,-2.0127107926123613,3.70506532605271,0.3878168444616856,431114,0.0,0.12765750288963318
2742,162,552,445992,96.17855275000002,1130.15,-3.5707178115844727,-2.411360383554492,-3.5707178115844727,0.001,3.178382396697998,-2.411360383554492,3.5226442557509228,0.37646122051260933,435628,0.0,0.23972228169441223
2770,162,556,450420,109.33318197000003,1125.39,-3.877720594406128,-2.8159343422340597,-3.877720594406128,0.001,3.450441837310791,-2.8159343422340597,3.512581542327091,0.37836981474293785,440127,0.0,0.1989009976387024
2796,162,560,454688,124.28408623,1149.39,-1.7642722129821777,-3.285304438184809,-1.7642722129821777,0.001,3.7052135467529297,-3.285304438184809,3.404170963940797,0.3685165500130366,444446,0.0,0.15391376614570618
2822,162,564,458891,139.66524044000002,1185.02,-4.804425239562988,-3.642402565171925,-4.804425239562988,0.001,3.140993595123291,-3.642402565171925,3.2051372743223694,0.35119459413774107,448644,0.0,0.0738462433218956
2847,162,568,463014,153.88821015999997,1181.39,-4.7108330726623535,-4.032020230386771,-4.7108330726623535,0.001,3.459770441055298,-4.032020230386771,3.0362642007715563,0.3734434266208902,452733,0.0,0.13381850719451904
2868,162,572,465979,158.36635459999997,1147.85,-3.132078170776367,-4.335098703372983,-3.132078170776367,0.001,3.118485689163208,-4.335098703372983,2.9607577828851634,0.37999227029112626,456154,0.0,0.1667647659778595
2891,162,576,470089,168.87846964999997,1124.95,-4.687032699584961,-4.6864592558901075,-4.687032699584961,0.001,3.394038200378418,-4.6864592558901075,2.720203620807026,0.4391174412724118,459815,0.0,0.10478667914867401
2916,162,580,474077,182.47805837000004,1144.88,-5.668010234832764,-5.140584087371826,-5.668010234832764,0.001,2.0397634506225586,-5.140584087371826,2.604363175153732,0.45433619421347976,463880,0.0,0.40267255902290344
2937,162,584,476667,187.20771968,1109.54,-4.677237033843994,-5.484576016243058,-4.677237033843994,0.001,2.75830078125,-5.484576016243058,2.473009449785406,0.4369743618057847,467375,0.0,0.07092177867889404
2956,162,588,480573,199.20437356000002,1096.18,-6.166909217834473,-5.658441669940949,-6.166909217834473,0.001,2.5341758728027344,-5.658441669940949,2.3828539469242096,0.5104992159940303,470417,0.0,0.3801465928554535
2977,162,592,483884,203.05473911,1075.2,-5.210831165313721,-5.9215974516285685,-5.210831165313721,0.001,2.4663238525390625,-5.9215974516285685,2.258454938211995,0.4879076350741611,473690,0.0,0.2836652398109436
3000,162,596,487700,212.33962141,1076.85,-7.492063999176025,-6.269547702381446,-7.492063999176025,0.001,1.70158052444458,-6.269547702381446,2.129595732538955,0.5483349711405046,477559,0.0,0.19457396864891052
3016,162,600,489899,218.15359172999996,1082.47,-6.851523399353027,-6.539051719948097,-6.851523399353027,0.001,1.8233078718185425,-6.539051719948097,2.013151839927391,0.8025910286610857,480167,0.0,0.3625740110874176
3037,162,604,493137,227.59978803999994,1093.95,-7.73656702041626,-6.876874290647045,-7.73656702041626,0.001,1.9239753484725952,-6.876874290647045,1.9658150023991061,0.580914222999596,483569,0.0,0.15257808566093445
3057,162,608,497006,233.69260747999996,1077.66,-7.396835803985596,-7.174766745735851,-7.396835803985596,0.001,1.7763515710830688,-7.174766745735851,1.890058994293213,0.585214904941781,486817,0.0,0.3934113383293152
3081,162,612,500882,237.52095464,1052.69,-7.939087867736816,-7.474509865803728,-7.939087867736816,0.001,2.168889045715332,-7.474509865803728,1.8689560327977817,0.6233594831108406,490703,0.0,0.27863335609436035
3105,162,616,504684,241.31296095000002,1028.36,-8.074935913085938,-7.747420951125486,-8.074935913085938,0.001,1.6067852973937988,-7.747420951125486,1.7833709641188447,0.6335214233187364,494511,0.0,0.17412987351417542
3128,162,620,508506,243.19884869999999,1007.85,-7.899011135101318,-8.139888160427411,-7.899011135101318,0.001,1.876605749130249,-8.139888160427411,1.8445648235579333,0.5849321137931542,498331,0.0,0.18764488399028778
3152,162,624,512392,246.08611843,990.61,-9.048888206481934,-8.455151456513557,-9.048888206481934,0.001,1.935410737991333,-8.455151456513557,1.7864816196903384,0.6553101140196642,502234,0.0,0.08283250033855438
3176,162,628,516115,247.68272052999998,974.19,-8.86367130279541,-8.866440009491646,-8.86367130279541,0.001,1.4727333784103394,-8.866440009491646,1.7666260662831759,0.5566756493657737,506003,0.0,0.8612073063850403
3197,162,632,519579,253.09458895,968.05,-8.64627742767334,-9.141182721566222,-8.64627742767334,0.001,1.5401842594146729,-9.141182721566222,1.7055922925084377,0.6122648180073105,509610,0.0,0.39376309514045715
3220,162,636,523333,254.49981679999996,954.81,-9.620997428894043,-9.375339842942276,-9.620997428894043,0.001,1.5291002988815308,-9.375339842942276,1.7160097580535856,0.5526244199439805,513181,0.0,0.19716690480709076
3241,162,640,526208,254.28249563999998,936.9,-9.771573066711426,-9.716335614522299,-9.771573066711426,0.001,1.5479857921600342,-9.716335614522299,1.6006331915823406,0.5717996570762972,516846,0.0,0.2164161056280136
3255,162,644,529068,252.65428680000002,920.74,-11.241225242614746,-9.836542203508575,-11.241225242614746,0.001,1.470003366470337,-9.836542203508575,1.5419791035097221,0.641058591708284,518953,0.0,0.7444901466369629
3277,162,648,532765,253.58472865000005,912.36,-9.084172248840332,-10.15387690489271,-9.084172248840332,0.001,1.822873830795288,-10.15387690489271,1.5541330765833896,0.7162104688246891,522598,0.0,0.5298715829849243
3300,162,652,536456,254.51455451,904.64,-11.159971237182617,-10.536040128950939,-11.159971237182617,0.001,1.47339928150177,-10.536040128950939,1.5102846746053344,0.6843997613119113,526292,0.0,1.2328799962997437
3323,162,656,540114,255.30914467,896.94,-10.545598030090332,-10.767492630337708,-10.545598030090332,0.001,1.5022411346435547,-10.767492630337708,1.5394864781057542,0.6469159892716464,529998,0.0,0.14177629351615906
3345,162,660,543639,255.91446378000003,889.51,-9.55984878540039,-11.021593402600342,-9.55984878540039,0.001,1.3657171726226807,-11.021593402600342,1.4315600783756197,0.6891699265853859,533533,0.0,0.610117495059967
3367,162,664,547201,256.23396946,883.1,-12.270944595336914,-11.413519632352571,-12.270944595336914,0.001,1.2425637245178223,-11.413519632352571,1.4122370598790848,0.5564044021470664,537085,0.0,1.6167749166488647
3388,162,668,549918,252.61493224000006,869.04,-10.61710262298584,-11.637386156165082,-10.61710262298584,0.001,1.7935285568237305,-11.637386156165082,1.3367170923361789,0.6547473700934471,540654,0.0,0.34659743309020996
3401,162,672,552658,255.05673564,866.79,-10.965912818908691,-11.699141627523154,-10.965912818908691,0.001,1.3036860227584839,-11.699141627523154,1.301160157670802,0.7173256554172538,542581,0.0,0.17924410104751587
3423,162,676,556366,255.50453137999995,862.77,-11.534284591674805,-12.006041389953747,-11.534284591674805,0.001,1.2683384418487549,-12.006041389953747,1.2034022146239711,0.7617679674663554,546238,0.0,0.11802785098552704
3445,162,680,559831,256.00155586,857.54,-11.834674835205078,-12.230957308956517,-11.834674835205078,0.001,1.2008335590362549,-12.230957308956517,1.3579598571054015,0.6655426175496673,549736,0.0,0.7488382458686829
3466,162,684,563352,263.22309293,866.85,-11.98211669921875,-12.414098058106765,-11.98211669921875,0.001,1.2266744375228882,-12.414098058106765,1.2039128855433103,0.790223505598075,553221,0.0,0.8700824975967407
3483,162,688,566163,259.55770626,855.9,-12.808602333068848,-12.654996389630197,-12.808602333068848,0.001,1.2176387310028076,-12.654996389630197,1.1932648468291622,0.6514500071048394,556022,0.0,0.1298048347234726
3507,162,692,569879,263.32808027000004,859.95,-13.314650535583496,-12.838698351751898,-13.314650535583496,0.001,1.1134740114212036,-12.838698351751898,1.130512034155659,0.6939761507718526,559789,0.0,0.13672927021980286
3528,162,696,573372,263.93026363,856.72,-13.848600387573242,-13.062853070166218,-13.848600387573242,0.001,1.0987701416015625,-13.062853070166218,1.1809085876528271,0.639501830839799,563226,0.0,0.19193710386753082
3549,162,700,576863,272.73536343,869.64,-12.991397857666016,-13.255473041306816,-12.991397857666016,0.001,1.0686002969741821,-13.255473041306816,1.1110320254840258,0.8036527514884466,566694,0.0,0.6065386533737183
3570,162,704,580220,276.45289816999997,870.83,-12.662338256835938,-13.334506279831633,-12.662338256835938,0.001,1.1181247234344482,-13.334506279831633,1.1262003611260598,0.7861126038083516,570188,0.0,0.48790115118026733
3591,162,708,583667,277.06683014999993,866.61,-13.966391563415527,-13.64970652040068,-13.966391563415527,0.001,1.0416992902755737,-13.64970652040068,1.1333974076039863,0.8051449246921417,573593,0.0,0.050385233014822006
3611,162,712,586949,276.07894624999994,860.67,-14.454887390136719,-13.840486578602608,-14.454887390136719,0.001,1.0868099927902222,-13.840486578602608,1.0809825155578676,0.6531073203980515,576864,0.0,0.060373350977897644
3632,162,716,590326,276.57306731000006,856.42,-14.56297779083252,-13.964378309021725,-14.56297779083252,0.001,0.9544141888618469,-13.964378309021725,1.093941055844275,0.6607849677688616,580245,0.0,0.23335102200508118
3653,162,720,593713,277.22009276,852.07,-14.402952194213867,-14.100978690866045,-14.402952194213867,0.001,1.1621105670928955,-14.100978690866045,1.0827804295372625,0.6323659159950161,583654,0.0,0.08316335082054138
3674,162,724,597081,277.91795148,846.89,-13.83110523223877,-14.30818826563218,-13.83110523223877,0.001,1.2509645223617554,-14.30818826563218,1.1048586743018207,0.6600626064617844,587023,0.0,0.051765382289886475
3694,162,728,600473,278.321415,843.58,-14.764436721801758,-14.375238477015028,-14.764436721801758,0.001,1.1417840719223022,-14.375238477015028,1.0485460597510432,0.728362215440903,590416,0.0,0.05651455372571945
3716,162,732,603879,280.64114987,843.0,-15.232240676879883,-14.583103231421099,-15.232240676879883,0.001,1.014022707939148,-14.583103231421099,1.0303634504477184,0.7202233198173169,593842,0.0,4.229755401611328
3736,162,736,607231,281.20122569,838.98,-14.15065860748291,-14.714003298902853,-14.15065860748291,0.001,1.1213454008102417,-14.714003298902853,1.044039843332796,0.7217520826934061,597181,0.0,0.10006934404373169
3756,162,740,610548,285.44309867,843.4,-15.357277870178223,-14.796706402076865,-15.357277870178223,0.001,1.0297510623931885,-14.796706402076865,1.0368615214554768,0.7570702078673145,600486,0.0,0.06645262241363525
3774,162,744,613461,287.32237892,843.93,-15.44201374053955,-14.9277615002541,-15.44201374053955,0.001,0.9731310606002808,-14.9277615002541,1.087823022356678,0.7471146101961325,603403,0.0,7.132403373718262
3791,162,748,616208,284.28817883,834.43,-15.57061767578125,-15.02373483471199,-15.57061767578125,0.001,1.179740309715271,-15.02373483471199,1.0563609823406739,0.8230461032243184,606160,0.0,0.6945953965187073
3812,162,752,619549,284.65537335,830.93,-14.134549140930176,-15.038118081215101,-14.134549140930176,0.001,0.7768862843513489,-15.038118081215101,1.0192736474367288,0.7723370039453491,609443,0.0,0.057497188448905945
3832,162,756,622801,285.12774131000003,826.87,-15.252164840698242,-15.249906877479932,-15.252164840698242,0.001,1.0069016218185425,-15.249906877479932,1.000480945305069,0.7741331817895765,612739,0.0,0.11491135507822037
3852,162,760,626038,285.55362621,823.99,-15.183566093444824,-15.378411858846126,-15.183566093444824,0.001,1.0826666355133057,-15.378411858846126,0.9563983554760235,0.8271274269050495,615996,0.0,0.12942378222942352
3872,162,764,628846,282.98351331000003,816.45,-16.06862449645996,-15.458220226125311,-16.06862449645996,0.001,0.8307294845581055,-15.458220226125311,0.9447673388889858,0.7252357266983367,619281,0.0,0.08283776789903641
3889,162,768,632013,287.45717843,820.95,-15.071642875671387,-15.455862250328064,-15.071642875671387,0.001,0.8583241105079651,-15.455862250328064,0.9310043278336525,0.7758023955711212,622024,0.0,0.38784560561180115
3909,162,772,635233,291.77167918,825.75,-14.67235279083252,-15.573322865082757,-14.67235279083252,0.001,0.9146142601966858,-15.573322865082757,0.9794173169252633,0.9129461940095593,625206,0.0,0.5126372575759888
3929,162,776,638568,292.12290323999997,822.02,-15.243305206298828,-15.68030759040883,-15.243305206298828,0.001,1.065774917602539,-15.68030759040883,0.9733216167812053,0.8863714645395456,628518,0.0,5.614974021911621
3950,162,780,641791,290.33343354,819.6,-15.376117706298828,-15.74335064314931,-15.376117706298828,0.001,1.1158016920089722,-15.74335064314931,1.0320672995649498,0.6949762041108205,631859,0.0,0.16224104166030884
3969,162,784,645011,290.56295802999995,816.59,-16.001415252685547,-15.777130812479406,-16.001415252685547,0.001,1.0752472877502441,-15.777130812479406,0.9468527038406335,0.8830039093659802,634973,0.0,0.24786803126335144
3988,162,788,647672,291.41079155000006,815.09,-16.086833953857422,-15.842498741054296,-16.086833953857422,0.001,0.9303616881370544,-15.842498741054296,0.949984243788516,0.7992834768124989,638253,0.0,0.4311976730823517
4005,162,792,650978,291.6304759799999,810.99,-14.758063316345215,-15.89409336080692,-14.758063316345215,0.001,1.0125869512557983,-15.89409336080692,1.0256761865956443,0.893295450839426,640913,0.0,0.13188451528549194
4026,162,796,654234,291.96629629,808.62,-14.259902000427246,-15.99452810985286,-14.259902000427246,0.001,0.99903804063797,-15.99452810985286,0.9554989522550165,0.71290516096903,644228,0.0,3.2619895935058594
4045,162,800,657417,292.1745274,805.54,-14.989895820617676,-16.00077326927778,-14.989895820617676,0.001,1.0796836614608765,-16.00077326927778,0.9388087317733567,0.7870010335128826,647378,0.0,0.831200122833252
4064,162,804,660423,290.26284839,802.03,-16.06959342956543,-16.086282748863344,-16.06959342956543,0.001,0.9274682402610779,-16.086282748863344,0.9401863406916133,0.8067228363307773,650393,0.0,1.1413382291793823
4078,162,808,662779,284.87997145,791.12,-16.59957504272461,-16.107838080101406,-16.59957504272461,0.001,0.9618310332298279,-16.107838080101406,0.9549690953542277,0.865787751833457,652830,0.0,0.09039106220006943
4098,162,812,666068,286.53837703,791.19,-16.440563201904297,-16.146348926621645,-16.440563201904297,0.001,1.0585558414459229,-16.146348926621645,1.0208549339154045,1.0061302809717538,656037,0.0,0.07842318713665009
4118,162,816,669223,286.7085408,788.97,-16.809757232666016,-16.167938169648377,-16.809757232666016,0.001,0.9347354769706726,-16.167938169648377,0.9998697513266455,0.8792644142160246,659194,0.0,0.07040064036846161
4137,162,820,672361,286.78149107,786.48,-16.01911735534668,-16.179611015789614,-16.01911735534668,0.001,0.9186030626296997,-16.179611015789614,1.0165533278082393,0.8808505156724323,662364,0.0,0.12935297191143036
4156,162,824,675449,286.88213906000004,783.68,-15.668234825134277,-16.188326614754075,-15.668234825134277,0.001,0.9870589375495911,-16.188326614754075,0.9878503361904654,0.9491345399144483,665426,0.0,0.2700900733470917
4172,162,828,678032,283.60596379000003,775.59,-15.633688926696777,-16.384647859345883,-15.633688926696777,0.001,0.9608019590377808,-16.384647859345883,0.9106159237546658,0.8454490139842306,668021,0.0,0.058902807533741
4191,162,832,681239,283.53669172,773.6,-16.653507232666016,-16.350247731668695,-16.653507232666016,0.001,0.840462327003479,-16.350247731668695,1.001907997476268,0.9958399500277635,671165,0.0,0.2963629364967346
4211,162,836,684376,283.61451859,771.45,-16.93007469177246,-16.46449104944865,-16.93007469177246,0.001,0.8512736558914185,-16.46449104944865,0.9363453816021642,0.954406936497738,674367,0.0,0.0767914205789566
4231,162,840,687621,283.73300601000005,770.73,-16.94068717956543,-16.489964510943437,-16.94068717956543,0.001,1.0498237609863281,-16.489964510943437,0.9807129970932476,0.8770042319422119,677533,0.0,0.1295405477285385
4251,162,844,690881,286.58727391,774.2,-16.991350173950195,-16.548561487766293,-16.991350173950195,0.001,0.8077437877655029,-16.548561487766293,1.0023252554813495,0.9132605126049477,680906,0.0,0.055275626480579376
4271,162,848,694130,290.05356535000004,779.22,-16.758115768432617,-16.707194533023536,-16.758115768432617,0.001,0.8875945806503296,-16.707194533023536,0.9775046815422817,0.9529936038620809,684100,0.0,0.08019285649061203
4290,162,852,697228,290.18995973999995,776.79,-17.12164306640625,-16.748436219913444,-17.12164306640625,0.001,0.8724282383918762,-16.748436219913444,0.96337991169433,0.8508146959219123,687241,0.0,0.07390846312046051
4310,162,856,700363,290.11800454,775.62,-16.674734115600586,-16.763214050455296,-16.674734115600586,0.001,0.9797160029411316,-16.763214050455296,1.0175096795632201,0.839089275954234,690395,0.0,0.7763554453849792
4329,162,860,703455,290.02368623,774.17,-17.196382522583008,-16.91046985503166,-17.196382522583008,0.001,1.0202581882476807,-16.91046985503166,1.0239783986922233,0.8982688712543689,693411,0.0,0.22390766441822052
4348,162,864,706548,293.09415027,777.02,-17.489044189453125,-16.976367794949077,-17.489044189453125,0.001,0.8083489537239075,-16.976367794949077,0.9851409229247466,0.9889414810231361,696537,0.0,0.041728753596544266
4367,162,868,709065,288.85367435999996,770.52,-17.137983322143555,-17.041686784534555,-17.137983322143555,0.001,0.9064592719078064,-17.041686784534555,0.9450602309866102,1.0295558737964414,699748,0.0,0.07716715335845947
4374,162,872,710802,280.44038381999997,755.69,-16.41796875,-16.95647494651971,-16.41796875,0.001,1.0249543190002441,-16.95647494651971,0.9524783421604677,0.8935446182944293,700792,0.0,0.2103213667869568
4393,162,876,713854,280.5317427399999,752.86,-17.29132843017578,-17.00814169358442,-17.29132843017578,0.001,0.8536759614944458,-17.00814169358442,0.9368186226503097,0.9411256369577354,703880,0.0,0.06460078060626984
4412,162,880,716893,282.69221259999995,751.02,-17.025320053100586,-17.097936133849316,-17.025320053100586,0.001,0.8507461547851562,-17.097936133849316,0.9318939354175176,0.8973067826597394,706929,0.0,0.8335403203964233
4431,162,884,719991,282.84202922000003,749.8,-17.13162612915039,-17.132834184737433,-17.13162612915039,0.001,0.7881420254707336,-17.132834184737433,0.9537238644229041,1.003935317701054,709999,0.0,0.06252503395080566
4447,162,888,722559,282.20682638,748.87,-17.355365753173828,-17.12458895569417,-17.355365753173828,0.001,0.871792733669281,-17.12458895569417,0.9058712135944793,1.2285718151382101,712595,0.0,0.33884334564208984
4466,162,892,725254,279.58785066,742.76,-17.539953231811523,-17.19924557716924,-17.539953231811523,0.001,0.9592742919921875,-17.19924557716924,0.8480242220381448,0.9671381337332711,715657,0.0,0.08332724869251251
4484,162,896,728523,278.17982097,742.89,-17.508737564086914,-17.170613786815544,-17.508737564086914,0.001,0.9173390865325928,-17.170613786815544,0.8588653347924747,1.0225101132583883,718595,0.0,1.236436128616333
4504,162,900,731789,278.35646294000003,743.72,-17.488178253173828,-17.2011536005381,-17.488178253173828,0.001,0.8871393203735352,-17.2011536005381,0.8488831007509912,1.0066040012738335,721802,0.0,0.05264463275671005
4522,162,904,734849,280.57631805,744.26,-17.24408721923828,-17.277792877197264,-17.24408721923828,0.001,0.939419150352478,-17.277792877197264,0.873062646706899,1.228845644433882,724870,0.0,0.45793551206588745
4541,162,908,738070,286.13650101999997,752.91,-17.547956466674805,-17.265428275968283,-17.547956466674805,0.001,0.8278239965438843,-17.265428275968283,0.9060929114461238,1.2543572806976597,728058,0.0,0.08886997401714325
4561,162,912,741354,286.1796960500001,752.86,-17.77699089050293,-17.31692937568382,-17.77699089050293,0.001,1.0130634307861328,-17.31692937568382,0.9445420960309329,1.3009599111069834,731349,0.0,0.1660107970237732
4581,162,916,744581,286.31834971,753.58,-17.84053611755371,-17.37201529003325,-17.84053611755371,0.001,0.8512986302375793,-17.37201529003325,0.8918330692109607,1.3026970873927615,734566,0.0,7.102723121643066
4599,162,920,747609,286.38134230000003,752.48,-17.638164520263672,-17.370615873613584,-17.638164520263672,0.001,1.010706901550293,-17.370615873613584,0.9614964786494313,1.013834800615435,737620,0.0,0.07113024592399597
4617,162,924,750541,284.73888401000005,750.92,-18.108478546142578,-17.459236697687935,-18.108478546142578,0.001,1.0270999670028687,-17.459236697687935,0.9424336528521021,1.018885499731328,740511,0.0,7.4943928718566895
4635,162,928,752978,284.79929033999997,749.46,-17.649778366088867,-17.497476331162265,-17.649778366088867,0.001,1.0710052251815796,-17.497476331162265,0.9074612072715659,1.0095847257287647,743535,0.0,0.06010790541768074
4648,162,932,755557,281.92481038,743.18,-17.87130355834961,-17.511804218751838,-17.87130355834961,0.001,0.9005435109138489,-17.511804218751838,0.9420239049268057,1.186778637704002,745595,0.0,0.25586947798728943
4667,162,936,758660,281.97373916,742.84,-17.353410720825195,-17.512418220043184,-17.353410720825195,0.001,0.9520465135574341,-17.512418220043184,0.9027585852146148,1.2108016714397747,748648,0.0,6.461795806884766
4684,162,940,761637,279.87327326999997,740.16,-16.979595184326172,-17.440558848014245,-16.979595184326172,0.001,0.8119341731071472,-17.440558848014245,0.8589169378464039,1.3649299256503582,751522,0.0,0.22848032414913177
4704,162,944,764726,280.03881362,738.45,-17.77458381652832,-17.53042024856448,-17.77458381652832,0.001,0.7802568078041077,-17.53042024856448,0.9076404296075706,1.267763632698157,754761,0.0,0.15509581565856934
4723,162,948,767866,280.24698889,737.36,-17.915687561035156,-17.552940468653997,-17.915687561035156,0.001,0.9621999263763428,-17.552940468653997,0.9149677692471868,1.153365206649846,757826,0.0,0.10528084635734558
4742,162,952,770979,280.35904539,737.51,-17.96889877319336,-17.63742866316391,-17.96889877319336,0.001,0.9703168869018555,-17.63742866316391,0.9412923669003691,1.3836416172823072,760976,0.0,0.07850025594234467
4761,162,956,774169,280.39857703999996,738.06,-18.58358383178711,-17.729285393991777,-18.58358383178711,0.001,0.7339985370635986,-17.729285393991777,0.9263560081040988,1.1006169570739972,764201,0.0,0.11314935982227325
4780,162,960,777251,280.51763099,737.96,-18.19244956970215,-17.77618537557886,-18.19244956970215,0.001,0.9286870956420898,-17.77618537557886,0.904103066692961,0.9923879219933969,767245,0.0,7.372075080871582
4798,162,964,780249,280.70471273,737.01,-17.553117752075195,-17.82603949324375,-17.553117752075195,0.001,0.8847427368164062,-17.82603949324375,0.870625402109233,1.0810122740137873,770286,0.0,0.07083755731582642
4817,162,968,783317,285.15616840999996,742.52,-16.964262008666992,-17.840076625814014,-16.964262008666992,0.001,0.9724205732345581,-17.840076625814014,0.8963399291349765,1.0744631366938158,773314,0.0,0.1224166750907898
4835,162,972,786327,293.78766745,755.25,-18.105953216552734,-17.919646705257282,-18.105953216552734,0.001,0.9332860112190247,-17.919646705257282,0.9471162263595191,1.127130834124681,776318,0.0,0.17044135928153992
4853,162,976,789341,293.97416411000006,754.87,-18.279935836791992,-17.985904906385688,-18.279935836791992,0.001,0.7795933485031128,-17.985904906385688,0.9129262174008995,0.992450125846375,779348,0.0,0.22307893633842468
4872,162,980,792433,294.04637997000003,755.4,-18.116830825805664,-18.0069740762805,-18.116830825805664,0.001,0.8775985240936279,-18.0069740762805,0.9212136267140361,1.1220766398087512,782451,0.0,0.17651523649692535
4891,162,984,795561,294.12579896000005,755.7,-16.597436904907227,-18.04220571947983,-16.597436904907227,0.001,1.1521269083023071,-18.04220571947983,0.91124931460034,1.0560590420313556,785537,0.0,0.08369661867618561
4910,162,988,798698,298.51913572999996,761.39,-18.026248931884766,-18.108434971896084,-18.026248931884766,0.001,0.8961623907089233,-18.108434971896084,0.8915200365054143,1.1662673704684634,788682,0.0,0.28776803612709045
4928,162,992,801702,301.37860125,764.48,-17.27520751953125,-18.102596646139066,-17.27520751953125,0.001,0.884087324142456,-18.102596646139066,0.8980069645463604,1.0601157860578168,791725,0.0,0.48205286264419556
4947,162,996,804698,302.83769698,761.75,-17.552894592285156,-18.12651410064286,-17.552894592285156,0.001,1.0409430265426636,-18.12651410064286,0.9373039834582902,1.1100573658311432,794735,0.0,0.039118438959121704
4965,162,1000,807771,302.7556849200001,759.82,-18.277267456054688,-18.191757580590625,-18.277267456054688,0.001,0.9480305314064026,-18.191757580590625,0.9315209436038184,1.2221017151903681,797779,0.0,2.298227310180664
4983,162,1004,810342,298.54778954,754.93,-18.183435440063477,-18.104610534182278,-18.183435440063477,0.001,1.0171563625335693,-18.104610534182278,0.9046437334002487,1.203443536159412,800835,-0.0,0.10663687437772751
4994,162,1008,812579,291.83377783,745.09,-18.073293685913086,-18.123771770980007,-18.073293685913086,0.001,0.938775897026062,-18.123771770980007,0.9063276847203573,1.067905610074868,802609,-0.0,0.12031454592943192
5010,162,1012,815266,289.47423675,739.12,-18.25853729248047,-18.094742995841628,-18.25853729248047,0.001,0.9925771355628967,-18.094742995841628,0.8989742372276348,1.2619763056897337,805269,-0.0,0.4413454532623291
5029,162,1016,818304,289.45042377000004,737.23,-18.286951065063477,-18.08280169062254,-18.286951065063477,0.001,0.9751763939857483,-18.08280169062254,0.9082061025608822,1.6170346663756805,808305,-0.0,0.05436260625720024
5047,162,1020,821327,289.53896557,737.18,-18.38749122619629,-18.03135422682151,-18.38749122619629,0.001,0.9061884880065918,-18.03135422682151,0.8907394824883876,1.4311752117950847,811353,-0.0,0.12544560432434082
5066,162,1024,824388,291.24673043999996,738.47,-18.794862747192383,-18.080852058844837,-18.794862747192383,0.001,0.8404629826545715,-18.080852058844837,0.9144786229624657,1.3691385844040935,814405,-0.0,1.1233185529708862
5084,162,1028,827391,294.6865352500001,744.13,-18.555145263671875,-18.06946241094711,-18.555145263671875,0.001,0.9041168093681335,-18.06946241094711,0.8816165595929674,1.5957284750357428,817397,-0.0,0.0852801650762558
5103,162,1032,830468,297.64437714,749.11,-18.810041427612305,-18.145072587743982,-18.810041427612305,0.001,0.8258183598518372,-18.145072587743982,0.8726034029737696,1.3281726308844306,820474,-0.0,0.04567880928516388
5121,162,1036,833432,297.65455204000006,747.72,-16.208044052124023,-18.134789808591208,-16.208044052124023,0.001,1.3034744262695312,-18.134789808591208,0.8903904340333408,1.2842433916376346,823472,-0.0,0.8155769109725952
5138,162,1040,836390,299.86761704,747.53,-18.189151763916016,-18.070186845009243,-18.189151763916016,0.001,0.9993866682052612,-18.070186845009243,0.9239742253530963,1.1412041732703202,826431,-0.0,0.1444704532623291
5158,162,1044,839580,299.75055653,748.54,-17.4954776763916,-18.139011944333713,-17.4954776763916,0.001,1.364064335823059,-18.139011944333713,0.919812911345313,1.1695236758182432,829577,-0.0,0.1964280903339386
5176,162,1048,842554,299.69601687,746.88,-18.57537269592285,-18.12050896323188,-18.57537269592285,0.001,0.7401084899902344,-18.12050896323188,0.8706012259530758,1.1525624633524876,832581,-0.0,0.09933136403560638
5194,162,1052,845542,299.63186687,745.63,-17.4945068359375,-18.165576899305304,-17.4945068359375,0.001,0.8148660659790039,-18.165576899305304,0.8931084073921467,1.4345142151268715,835626,-0.0,0.27455639839172363
5209,162,1056,848057,296.57997638999996,738.88,-17.439733505249023,-18.195054302266712,-17.439733505249023,0.001,0.7515082359313965,-18.195054302266712,0.8650566607953396,1.426127887208604,838064,-0.0,0.1361408531665802
5226,162,1060,850774,294.64044771,735.23,-18.486854553222656,-18.198991137186685,-18.486854553222656,0.001,0.8099802732467651,-18.198991137186685,0.8971421093940735,1.1319614946618377,840818,-0.0,0.0866197794675827
5243,162,1064,853705,294.64236756,734.56,-18.732330322265625,-18.22460000855582,-18.732330322265625,0.001,0.886656641960144,-18.22460000855582,0.9495426391834741,1.342336718781063,843718,-0.0,0.06291783601045609
5258,162,1068,856150,291.02162674000004,728.33,-18.47249412536621,-18.29503918929421,-18.47249412536621,0.001,1.0425341129302979,-18.29503918929421,0.9527556173542003,1.382042521866608,846165,-0.0,3.569864273071289
5276,162,1072,859093,290.98398979,727.66,-17.396400451660156,-18.341251168749608,-17.396400451660156,0.001,1.2347689867019653,-18.341251168749608,0.8832417692959149,1.2792637085656937,849142,-0.0,2.9324655532836914
5294,162,1076,862087,290.83901532,727.46,-18.492284774780273,-18.306844046544136,-18.492284774780273,0.001,0.8575838804244995,-18.306844046544136,0.949819499621762,1.4254416474197285,852133,-0.0,0.08470767736434937
5312,162,1080,864997,290.87631373999994,725.64,-18.927112579345703,-18.34577992840817,-18.927112579345703,0.001,0.8768616914749146,-18.34577992840817,0.9181630418488854,1.0960460600267719,855048,-0.0,0.07335318624973297
5329,162,1084,867869,290.88634357,723.08,-17.9390869140625,-18.360818217309674,-17.9390869140625,0.001,0.7966323494911194,-18.360818217309674,0.8849113054489821,1.3734542566058592,857918,-0.0,0.7866853475570679
5348,162,1088,870831,290.92101109,721.33,-18.386381149291992,-18.475744192656276,-18.386381149291992,0.001,0.8501207828521729,-18.475744192656276,0.9390465979787762,1.4134409533509242,860902,-0.0,0.09357044100761414
5365,162,1092,873716,290.89689702,720.14,-18.1148624420166,-18.438883944843592,-18.1148624420166,0.001,0.9490218758583069,-18.438883944843592,0.9521439425396115,1.3910232570759042,863755,-0.0,0.23213590681552887
5383,162,1096,876600,289.4237746,719.02,-18.827133178710938,-18.4302757663363,-18.827133178710938,0.001,0.9157729744911194,-18.4302757663363,0.9731601565995074,1.1218530916307747,866712,-0.0,0.054861925542354584
5401,162,1100,879590,289.32086078000003,718.19,-19.164579391479492,-18.36989476636487,-19.164579391479492,0.001,1.0248504877090454,-18.36989476636487,0.9318820649179919,1.3609828126149879,869626,-0.0,0.15293912589550018
5418,162,1104,882529,293.47413933,721.87,-18.71542739868164,-18.45353599171062,-18.71542739868164,0.001,0.8894712924957275,-18.45353599171062,0.9345073328240887,1.3773494667608988,872570,-0.0,7.323423385620117
5436,162,1108,885411,300.29191986999996,728.32,-19.062585830688477,-18.423417673137525,-19.062585830688477,0.001,0.8871183395385742,-18.423417673137525,0.9537932044284257,1.2483631035258607,875451,-0.0,0.0660853311419487
5454,162,1112,888338,302.77632030999996,730.72,-18.243017196655273,-18.5648166533955,-18.243017196655273,0.001,0.8803668022155762,-18.5648166533955,0.9223095723037613,1.4046944002640414,878372,-0.0,0.5364769101142883
5470,162,1116,891094,300.77578286999994,727.9,-18.662641525268555,-18.520731217368354,-18.662641525268555,0.001,0.8895537853240967,-18.520731217368354,0.884541560318217,1.4384249152938247,881153,-0.0,0.1065334677696228
5488,162,1120,894042,300.71986026,727.15,-19.1209716796875,-18.540799252668585,-19.1209716796875,0.001,0.7649151682853699,-18.540799252668585,0.9186090710052678,1.2329016683866811,884110,-0.0,0.12617801129817963
5506,162,1124,897094,300.68063164,727.06,-19.196020126342773,-18.578857165590428,-19.196020126342773,0.001,0.9298591613769531,-18.578857165590428,0.8643390627178419,1.3789525173460284,887047,-0.0,0.06392064690589905
5525,162,1128,900181,300.61456383999996,727.9,-19.228412628173828,-18.653419480604285,-19.228412628173828,0.001,0.8044474720954895,-18.653419480604285,0.9810048737654499,1.3671954724366313,890200,-0.0,0.14579099416732788
5543,162,1132,903167,300.79627209000006,726.99,-16.883153915405273,-18.609986179753353,-16.883153915405273,0.001,0.952183187007904,-18.609986179753353,0.8578335804374595,1.343271777259581,893188,-0.0,0.2725195586681366
5561,162,1136,905592,297.46987477000005,721.6,-19.1304874420166,-18.696951770524024,-19.1304874420166,0.001,1.073449730873108,-18.696951770524024,0.9441645923991836,1.2055520336817904,896109,-0.0,8.021333694458008
5575,162,1140,908428,297.5058995,720.38,-18.87870979309082,-18.699972272585224,-18.87870979309082,0.001,0.9537318348884583,-18.699972272585224,0.8686826185807169,1.3814716653241108,898503,-0.0,0.11759638786315918
5593,162,1144,911367,297.57685649,717.87,-18.627782821655273,-18.75325168496515,-18.627782821655273,0.001,0.8394404649734497,-18.75325168496515,0.8924029549819761,1.2381161475539046,901434,-0.0,0.10420113801956177
5611,162,1148,914429,297.5384441100001,718.75,-19.44046401977539,-18.72453551082956,-19.44046401977539,0.001,0.6502769589424133,-18.72453551082956,0.8795211965107487,1.1150756343814634,904437,-0.0,0.43517357110977173
5628,162,1152,917215,295.7355377900001,716.73,-18.48596954345703,-18.772887721531827,-18.48596954345703,0.001,0.8560778498649597,-18.772887721531827,0.8401682586737083,1.244190013769105,907286,-0.0,0.11574429273605347
5647,162,1156,920183,298.93508811000004,721.26,-19.291955947875977,-18.697033836119296,-19.291955947875977,0.001,0.869579553604126,-18.697033836119296,0.8717429561205907,1.059365357159969,910252,-0.0,0.07449305057525635
5665,162,1160,923164,300.93766413000003,723.9,-18.930566787719727,-18.770546433732317,-18.930566787719727,0.001,0.8800787329673767,-18.770546433732317,0.8981186539740176,1.3250540775976873,913242,-0.0,0.06741861999034882
5682,162,1164,926044,300.92445959,723.39,-18.195661544799805,-18.797793857386853,-18.195661544799805,0.001,0.8283977508544922,-18.797793857386853,0.8684516861790517,1.2095529137616927,916096,-0.0,0.17814388871192932
5700,162,1168,928964,304.4279566,728.14,-17.501667022705078,-18.83266984063226,-17.501667022705078,0.001,0.8924495577812195,-18.83266984063226,0.9147439597426235,1.3511469850319164,918998,-0.0,0.6765346527099609
5717,162,1172,931815,304.433276,727.22,-19.034109115600586,-18.88705522290776,-19.034109115600586,0.001,0.788397490978241,-18.88705522290776,0.9084496628702357,1.2343001582439033,921875,-0.0,0.13610334694385529
5735,162,1176,934713,304.46393646,726.26,-19.226818084716797,-18.8342079711287,-19.226818084716797,0.001,0.8840875625610352,-18.8342079711287,0.8745688395957424,1.2469612316428473,924755,-0.0,0.10338898003101349
5752,162,1180,937561,304.43951804,725.64,-19.118358612060547,-18.96231489470511,-19.118358612060547,0.001,0.8435928821563721,-18.96231489470511,0.8881662880421999,1.279306051518881,927635,-0.0,5.7864766120910645
5770,162,1184,940509,304.33279306000003,726.4,-18.356718063354492,-18.94956719193212,-18.356718063354492,0.001,0.9283003211021423,-18.94956719193212,0.8941643400478103,1.192215848083914,930580,-0.0,9.473247528076172
5787,162,1188,942918,301.08319095999997,720.87,-19.54157257080078,-18.922727949317846,-19.54157257080078,0.001,0.8763545751571655,-18.922727949317846,0.9124774530358698,1.2828126448666912,933417,-0.0,1.0054224729537964
5803,162,1192,945867,301.01860683,721.51,-18.614404678344727,-18.90748400245208,-18.614404678344727,0.001,0.9600086808204651,-18.90748400245208,0.8976978177581328,1.2715583697939865,935938,-0.0,0.060934875160455704
5819,162,1196,948530,300.04467841,719.3,-18.872636795043945,-18.88217852408426,-18.872636795043945,0.001,0.9919377565383911,-18.88217852408426,0.9547658442405232,1.2541096917062151,938553,-0.0,0.06314508616924286
5836,162,1200,951408,300.11308851,718.18,-19.209535598754883,-18.929952106692575,-19.209535598754883,0.001,1.000409722328186,-18.929952106692575,0.9109534616158768,1.4170662146193762,941447,-0.0,7.310079574584961
5854,163,1204,954261,298.61344277,717.32,-19.330852508544922,-18.904466562194003,-19.330852508544922,0.001,0.7814329266548157,-18.904466562194003,0.8879854828520927,1.4246466901615222,944303,-0.0,0.08736792206764221
5872,163,1208,957238,298.56555338,718.27,-19.1683292388916,-18.944007797037216,-19.1683292388916,0.001,0.8328322172164917,-18.944007797037216,0.8721771071301424,1.353319120966894,947293,-0.0,8.232477188110352
5889,163,1212,959972,296.86598402,716.34,-19.230384826660156,-18.92809746183198,-19.230384826660156,0.001,0.852845311164856,-18.92809746183198,0.9053578524068854,1.3972440949018052,950040,-0.0,0.1284734010696411
5904,163,1216,962520,296.17878449999995,714.26,-17.234106063842773,-18.89863118545785,-17.234106063842773,0.001,0.8886056542396545,-18.89863118545785,0.8837865831443618,1.599554244999228,952577,-0.0,0.18935027718544006
5920,163,1220,965110,293.93727455,710.68,-18.462438583374023,-18.772951304394265,-18.462438583374023,0.001,0.9546490907669067,-18.772951304394265,0.9093405759852865,1.4235054287986746,955167,-0.0,0.07200782746076584
5935,163,1224,967698,291.72958044,706.04,-19.266279220581055,-18.854060453373,-19.266279220581055,0.001,0.8231381177902222,-18.854060453373,0.8763442979409144,1.7390968986111437,957760,-0.0,0.278969943523407
5950,163,1228,970161,289.03959488,699.8,-19.17160415649414,-18.791451845480047,-19.17160415649414,0.001,1.040880560874939,-18.791451845480047,0.8825321280114029,1.5357647842434032,960240,-0.0,0.10903747379779816
5968,163,1232,973144,288.93806651,699.77,-19.32312774658203,-18.79411736670558,-19.32312774658203,0.001,1.0430090427398682,-18.79411736670558,0.9047128274186373,1.5815716692194435,963172,-0.0,7.345462799072266
5986,163,1236,976081,292.2514216,704.89,-18.464494705200195,-18.676103933802192,-18.464494705200195,0.001,1.014863133430481,-18.676103933802192,0.9067617812246647,1.374676516179166,966117,-0.0,0.1573619842529297
6003,163,1240,978937,292.19305582,705.09,-18.956642150878906,-18.636561579174465,-18.956642150878906,0.001,0.9489498734474182,-18.636561579174465,0.8830566245648596,1.5480783045054225,968973,-0.0,0.09283764660358429
6022,163,1244,981993,292.14979275,706.26,-19.376155853271484,-18.636837750823055,-19.376155853271484,0.001,0.8454205393791199,-18.636837750823055,0.8818886672432099,1.4244358354346387,972015,-0.0,0.6789940595626831
6040,163,1248,984976,292.12237740999996,705.47,-18.85946273803711,-18.608768596600637,-18.85946273803711,0.001,0.8930370211601257,-18.608768596600637,0.8716277968489183,1.4245867114466717,975008,-0.0,0.2260635942220688
6058,163,1252,987927,293.9432746,707.12,-19.011823654174805,-18.625925013224283,-19.011823654174805,0.001,0.9057295322418213,-18.625925013224283,0.9083123757044474,1.4464785872059607,977994,-0.0,0.22797980904579163
6075,163,1256,990716,294.10125161,705.33,-19.30666732788086,-18.672870081327083,-19.30666732788086,0.001,0.6081793904304504,-18.672870081327083,0.8666189167902802,1.2044204780583212,980773,-0.0,0.7355958819389343
6089,163,1260,993083,290.7401716,699.19,-19.35075569152832,-18.629963180984277,-19.35075569152832,0.001,0.8900902271270752,-18.629963180984277,0.8478471109832543,1.3631555096997021,983139,-0.0,0.7006083130836487
6107,163,1264,995544,287.59630389,695.0,-18.913862228393555,-18.685012656340184,-18.913862228393555,0.001,0.960921585559845,-18.685012656340184,0.884013390163633,1.2391850240085682,986044,-0.0,0.18477945029735565
6122,163,1268,998410,287.67422716,694.46,-18.72640609741211,-18.67740181901238,-18.72640609741211,0.001,0.9055877327919006,-18.67740181901238,0.8966087766669013,1.3029358878995934,988495,-0.0,0.08937104791402817
