rollout/ep_rew_mean,time/fps,time/episodes,rollout/ep_len_mean,time/time_elapsed,time/total_timesteps,train/MSE_losses,train/RL_loss,train/Main_losses,train/MSE_loss,train/ent_coef,train/actor_loss,train/critic_loss,train/n_updates,train/critic_los,train/Beta,train/ent_coef_loss,train/loss,train/learning_rate
23.0,2861,4,23.0,0,92,,,,,,,,,,,,,
18.875,250,8,18.875,0,151,0.3816570043563843,-2.472602128982544,-2.472602128982544,0.3816570043563843,0.952150285243988,-2.472602128982544,0.07080923020839691,50,0.07080923020839691,0.0,-0.08123145997524261,-2.472602128982544,0.001
17.583333333333332,165,12,17.583333333333332,1,211,0.41348275542259216,-2.7692513465881348,-2.7692513465881348,0.41348275542259216,0.8966739177703857,-2.7692513465881348,0.06490369141101837,110,0.06490369141101837,0.0,-0.18306344747543335,-2.7692513465881348,0.001
16.375,141,16,16.375,1,262,0.41242358088493347,-3.0449860095977783,-3.0449860095977783,0.41242358088493347,0.852075457572937,-3.0449860095977783,0.10384596884250641,161,0.10384596884250641,0.0,-0.2685389518737793,-3.0449860095977783,0.001
15.55,129,20,15.55,2,311,0.4349178671836853,-3.257197380065918,-3.257197380065918,0.4349178671836853,0.8112437129020691,-3.257197380065918,0.10869482904672623,210,0.10869482904672623,0.0,-0.35067951679229736,-3.257197380065918,0.001
17.0,116,24,17.0,3,408,0.4546555280685425,-3.7010791301727295,-3.7010791301727295,0.4546555280685425,0.7361952066421509,-3.7010791301727295,0.14057126641273499,307,0.14057126641273499,0.0,-0.5070098638534546,-3.7010791301727295,0.001
16.0,113,28,16.0,3,448,0.41065508127212524,-3.8318543434143066,-3.8318543434143066,0.41065508127212524,0.7073123455047607,-3.8318543434143066,0.07860004156827927,347,0.07860004156827927,0.0,-0.5871162414550781,-3.8318543434143066,0.001
15.71875,110,32,15.71875,4,503,0.4068225920200348,-4.0345587730407715,-4.0345587730407715,0.4068225920200348,0.6694837212562561,-4.0345587730407715,0.0956597626209259,402,0.0956597626209259,0.0,-0.6727523803710938,-4.0345587730407715,0.001
16.77777777777778,106,36,16.77777777777778,5,604,0.3714817762374878,-4.50089168548584,-4.50089168548584,0.3714817762374878,0.605338990688324,-4.50089168548584,0.12588784098625183,503,0.12588784098625183,0.0,-0.8279417753219604,-4.50089168548584,0.001
17.175,103,40,17.175,6,687,0.33950233459472656,-4.824766159057617,-4.824766159057617,0.33950233459472656,0.5575270652770996,-4.824766159057617,0.08743572235107422,586,0.08743572235107422,0.0,-0.9691362977027893,-4.824766159057617,0.001
18.522727272727273,101,44,18.522727272727273,8,815,0.3101586401462555,-5.462581634521484,-5.462581634521484,0.3101586401462555,0.49183782935142517,-5.462581634521484,0.07129237055778503,714,0.07129237055778503,0.0,-1.1243155002593994,-5.462581634521484,0.001
19.4375,99,48,19.4375,9,933,0.3061898648738861,-5.8310160636901855,-5.8310160636901855,0.3061898648738861,0.43944501876831055,-5.8310160636901855,0.05839793384075165,832,0.05839793384075165,0.0,-1.2939555644989014,-5.8310160636901855,0.001
22.942307692307693,96,52,22.942307692307693,12,1193,0.26511603593826294,-7.2523088455200195,-7.2523088455200195,0.26511603593826294,0.34744465351104736,-7.2523088455200195,0.09523814171552658,1092,0.09523814171552658,-0.0,-1.5038187503814697,-7.2523088455200195,0.001
30.660714285714285,94,56,30.660714285714285,18,1717,0.32375869154930115,-9.468582153320312,-9.468582153320312,0.32375869154930115,0.2229364961385727,-9.468582153320312,0.10037091374397278,1616,0.10037091374397278,-0.0,-1.7316186428070068,-9.468582153320312,0.001
40.81666666666667,93,60,40.81666666666667,26,2449,0.2758205533027649,-12.77381706237793,-12.77381706237793,0.2758205533027649,0.1204683929681778,-12.77381706237793,0.06886406242847443,2348,0.06886406242847443,-0.0,-2.3278636932373047,-12.77381706237793,0.001
47.828125,92,64,47.828125,33,3061,0.31321340799331665,-14.569751739501953,-14.569751739501953,0.31321340799331665,0.07087096571922302,-14.569751739501953,0.11497235298156738,2960,0.11497235298156738,-0.0,-2.4032137393951416,-14.569751739501953,0.001
52.48529411764706,92,68,52.48529411764706,38,3569,0.2971495985984802,-15.78078556060791,-15.78078556060791,0.2971495985984802,0.04638282582163811,-15.78078556060791,0.1575590968132019,3468,0.1575590968132019,-0.0,-2.1846914291381836,-15.78078556060791,0.001
56.81944444444444,91,72,56.81944444444444,44,4091,0.3540310859680176,-17.509140014648438,-17.509140014648438,0.3540310859680176,0.030750999227166176,-17.509140014648438,0.10810068249702454,3990,0.10810068249702454,-0.0,-2.7093191146850586,-17.509140014648438,0.001
62.526315789473685,91,76,62.526315789473685,51,4752,0.26060929894447327,-20.107696533203125,-20.107696533203125,0.26060929894447327,0.01934334821999073,-20.107696533203125,0.09338098764419556,4651,0.09338098764419556,-0.0,-2.026869058609009,-20.107696533203125,0.001
66.4625,91,80,66.4625,58,5317,0.2541360557079315,-21.521875381469727,-21.521875381469727,0.2541360557079315,0.013866997323930264,-21.521875381469727,0.1090926080942154,5216,0.1090926080942154,-0.0,-1.818449854850769,-21.521875381469727,0.001
69.73809523809524,91,84,69.73809523809524,64,5858,0.3038957715034485,-22.61646842956543,-22.61646842956543,0.3038957715034485,0.011396807618439198,-22.61646842956543,0.12072300910949707,5757,0.12072300910949707,-0.0,-1.4366118907928467,-22.61646842956543,0.001
74.0,91,88,74.0,71,6512,0.3312831521034241,-24.44416046142578,-24.44416046142578,0.3312831521034241,0.010790702886879444,-24.44416046142578,0.7325775623321533,6411,0.7325775623321533,-0.0,0.13959845900535583,-24.44416046142578,0.001
76.54347826086956,90,92,76.54347826086956,77,7042,0.3875730633735657,-24.662988662719727,-24.662988662719727,0.3875730633735657,0.011278009973466396,-24.662988662719727,0.2040206789970398,6941,0.2040206789970398,-0.0,-0.046059928834438324,-24.662988662719727,0.001
78.6875,90,96,78.6875,83,7554,0.36902695894241333,-27.972349166870117,-27.972349166870117,0.36902695894241333,0.011721471324563026,-27.972349166870117,0.12953947484493256,7453,0.12953947484493256,-0.0,-0.5301368832588196,-27.972349166870117,0.001
81.14,90,100,81.14,89,8114,0.32429414987564087,-27.937780380249023,-27.937780380249023,0.32429414987564087,0.012111238203942776,-27.937780380249023,0.16539698839187622,8013,0.16539698839187622,-0.0,1.0563875436782837,-27.937780380249023,0.001
85.78,90,104,85.78,95,8670,0.3374450206756592,-30.94371223449707,-30.94371223449707,0.3374450206756592,0.014440897852182388,-30.94371223449707,0.19814932346343994,8569,0.19814932346343994,-0.0,-0.09211224317550659,-30.94371223449707,0.001
90.81,90,108,90.81,101,9232,0.416805624961853,-30.92605972290039,-30.92605972290039,0.416805624961853,0.01842091791331768,-30.92605972290039,0.33353129029273987,9131,0.33353129029273987,-0.0,-0.15824733674526215,-30.92605972290039,0.001
95.79,90,112,95.79,108,9790,0.33721357583999634,-31.48668670654297,-31.48668670654297,0.33721357583999634,0.01845160312950611,-31.48668670654297,0.3131646513938904,9689,0.3131646513938904,-0.0,0.0069108158349990845,-31.48668670654297,0.001
100.75,90,116,100.75,114,10337,0.35812413692474365,-32.64642333984375,-32.64642333984375,0.35812413692474365,0.01741746999323368,-32.64642333984375,0.1927429586648941,10236,0.1927429586648941,-0.0,0.3557531237602234,-32.64642333984375,0.001
106.01,90,120,106.01,120,10912,0.3901069760322571,-33.13506317138672,-33.13506317138672,0.3901069760322571,0.017117146402597427,-33.13506317138672,0.2516791820526123,10811,0.2516791820526123,-0.0,0.4340028762817383,-33.13506317138672,0.001
110.96,90,124,110.96,127,11504,0.31058719754219055,-35.84266662597656,-35.84266662597656,0.31058719754219055,0.015565894544124603,-35.84266662597656,1.2025527954101562,11403,1.2025527954101562,-0.0,0.002259291708469391,-35.84266662597656,0.001
116.15,90,128,116.15,133,12063,0.35848286747932434,-37.30552673339844,-37.30552673339844,0.35848286747932434,0.01611383631825447,-37.30552673339844,0.24371564388275146,11962,0.24371564388275146,-0.0,-0.6331323385238647,-37.30552673339844,0.001
121.51,90,132,121.51,140,12654,0.39737412333488464,-36.8631477355957,-36.8631477355957,0.39737412333488464,0.013996010646224022,-36.8631477355957,0.37287867069244385,12553,0.37287867069244385,-0.0,0.1465643048286438,-36.8631477355957,0.001
124.73,90,136,124.73,145,13077,0.3498603403568268,-37.847225189208984,-37.847225189208984,0.3498603403568268,0.013453607447445393,-37.847225189208984,0.24894532561302185,12976,0.24894532561302185,-0.0,-0.5019484162330627,-37.847225189208984,0.001
127.96,90,140,127.96,149,13483,0.5256538391113281,-37.958709716796875,-37.958709716796875,0.5256538391113281,0.01573731005191803,-37.958709716796875,0.14512093365192413,13382,0.14512093365192413,-0.0,-0.3958171308040619,-37.958709716796875,0.001
132.3,90,144,132.3,155,14045,0.38080114126205444,-36.66263961791992,-36.66263961791992,0.38080114126205444,0.016631601378321648,-36.66263961791992,0.4681810736656189,13944,0.4681810736656189,-0.0,-0.23996618390083313,-36.66263961791992,0.001
136.83,90,148,136.83,162,14616,0.3400546908378601,-38.2010612487793,-38.2010612487793,0.3400546908378601,0.01812548190355301,-38.2010612487793,0.21723893284797668,14515,0.21723893284797668,-0.0,-0.5183291435241699,-38.2010612487793,0.001
140.41,89,152,140.41,169,15234,0.35282468795776367,-40.7919921875,-40.7919921875,0.35282468795776367,0.018957708030939102,-40.7919921875,0.11516253650188446,15133,0.11516253650188446,-0.0,-0.20152676105499268,-40.7919921875,0.001
141.25,89,156,141.25,176,15842,0.3604785203933716,-41.59136199951172,-41.59136199951172,0.3604785203933716,0.016202811151742935,-41.59136199951172,0.4591834545135498,15741,0.4591834545135498,-0.0,0.39150774478912354,-41.59136199951172,0.001
140.8,89,160,140.8,183,16529,0.4101928770542145,-44.055511474609375,-44.055511474609375,0.4101928770542145,0.01699918881058693,-44.055511474609375,0.13661521673202515,16428,0.13661521673202515,-0.0,-0.4240139126777649,-44.055511474609375,0.001
141.07,89,164,141.07,190,17168,0.517143726348877,-44.350868225097656,-44.350868225097656,0.517143726348877,0.015748780220746994,-44.350868225097656,0.22938793897628784,17067,0.22938793897628784,-0.0,-0.11993061006069183,-44.350868225097656,0.001
142.64,89,168,142.64,198,17833,0.5786095857620239,-42.90839767456055,-42.90839767456055,0.5786095857620239,0.02267354540526867,-42.90839767456055,0.36641111969947815,17732,0.36641111969947815,-0.0,-0.7279050350189209,-42.90839767456055,0.001
143.85,89,172,143.85,205,18476,0.5771764516830444,-43.212860107421875,-43.212860107421875,0.5771764516830444,0.017565900459885597,-43.212860107421875,0.6999167203903198,18375,0.6999167203903198,-0.0,1.1648657321929932,-43.212860107421875,0.001
143.96,89,176,143.96,212,19148,0.46617037057876587,-44.87022018432617,-44.87022018432617,0.46617037057876587,0.02240517921745777,-44.87022018432617,0.1414029598236084,19047,0.1414029598236084,-0.0,0.4012196660041809,-44.87022018432617,0.001
145.48,89,180,145.48,221,19865,0.48016560077667236,-45.424476623535156,-45.424476623535156,0.48016560077667236,0.022649360820651054,-45.424476623535156,0.1389593631029129,19764,0.1389593631029129,-0.0,-0.006040409207344055,-45.424476623535156,0.001
147.88,89,184,147.88,229,20646,0.39613664150238037,-46.65638732910156,-46.65638732910156,0.39613664150238037,0.024935102090239525,-46.65638732910156,0.3330243229866028,20545,0.3330243229866028,-0.0,0.6816464066505432,-46.65638732910156,0.001
149.77,89,188,149.77,239,21489,0.40637993812561035,-46.023006439208984,-46.023006439208984,0.40637993812561035,0.024310175329446793,-46.023006439208984,0.22950249910354614,21388,0.22950249910354614,-0.0,0.18601424992084503,-46.023006439208984,0.001
152.2,89,192,152.2,247,22262,0.38127613067626953,-48.1711540222168,-48.1711540222168,0.38127613067626953,0.024346427991986275,-48.1711540222168,0.42556971311569214,22161,0.42556971311569214,-0.0,0.4684138894081116,-48.1711540222168,0.001
155.72,89,196,155.72,257,23126,0.4016948342323303,-47.61885070800781,-47.61885070800781,0.4016948342323303,0.02261997200548649,-47.61885070800781,0.2232033759355545,23025,0.2232033759355545,-0.0,-0.03841143846511841,-47.61885070800781,0.001
157.86,89,200,157.86,266,23900,0.48898810148239136,-47.220436096191406,-47.220436096191406,0.48898810148239136,0.023063773289322853,-47.220436096191406,0.15220224857330322,23799,0.15220224857330322,-0.0,-0.0768095850944519,-47.220436096191406,0.001
160.14,89,204,160.14,275,24684,0.41150832176208496,-49.65949249267578,-49.65949249267578,0.41150832176208496,0.022687658667564392,-49.65949249267578,0.0888722687959671,24583,0.0888722687959671,-0.0,0.01733335852622986,-49.65949249267578,0.001
162.31,89,208,162.31,283,25463,0.34452077746391296,-50.28309631347656,-50.28309631347656,0.34452077746391296,0.021751519292593002,-50.28309631347656,0.30279871821403503,25362,0.30279871821403503,-0.0,0.41325756907463074,-50.28309631347656,0.001
164.7,89,212,164.7,292,26260,0.3579098582267761,-48.294734954833984,-48.294734954833984,0.3579098582267761,0.025340553373098373,-48.294734954833984,0.11648864299058914,26159,0.11648864299058914,-0.0,0.08253799378871918,-48.294734954833984,0.001
167.52,89,216,167.52,302,27089,0.34494686126708984,-52.25474548339844,-52.25474548339844,0.34494686126708984,0.02163807861506939,-52.25474548339844,0.42473459243774414,26988,0.42473459243774414,-0.0,0.3051459789276123,-52.25474548339844,0.001
171.75,89,220,171.75,313,28087,0.34598439931869507,-50.924320220947266,-50.924320220947266,0.34598439931869507,0.022382162511348724,-50.924320220947266,0.6142487525939941,27986,0.6142487525939941,-0.0,-0.284355491399765,-50.924320220947266,0.001
174.24,89,224,174.24,322,28928,0.30703696608543396,-50.62788009643555,-50.62788009643555,0.30703696608543396,0.02716943621635437,-50.62788009643555,0.11079466342926025,28827,0.11079466342926025,-0.0,-0.6818854212760925,-50.62788009643555,0.001
180.96,89,228,180.96,336,30159,0.3152045011520386,-52.050537109375,-52.050537109375,0.3152045011520386,0.023388026282191277,-52.050537109375,0.44042232632637024,30058,0.44042232632637024,-0.0,-0.17726479470729828,-52.050537109375,0.001
188.17,89,232,188.17,351,31471,0.2591964602470398,-53.384151458740234,-53.384151458740234,0.2591964602470398,0.026982255280017853,-53.384151458740234,0.5230238437652588,31370,0.5230238437652588,-0.0,-0.22686180472373962,-53.384151458740234,0.001
202.4,89,236,202.4,371,33317,0.29891878366470337,-52.03862762451172,-52.03862762451172,0.29891878366470337,0.03365134075284004,-52.03862762451172,0.15415680408477783,33216,0.15415680408477783,-0.0,0.18162699043750763,-52.03862762451172,0.001
217.48,89,240,217.48,393,35231,0.27187418937683105,-55.69624328613281,-55.69624328613281,0.27187418937683105,0.0382264107465744,-55.69624328613281,0.4115004539489746,35130,0.4115004539489746,-0.0,-0.712101399898529,-55.69624328613281,0.001
231.75,89,244,231.75,415,37220,0.3022043704986572,-59.89521026611328,-59.89521026611328,0.3022043704986572,0.03141745924949646,-59.89521026611328,0.2009824812412262,37119,0.2009824812412262,-0.0,-0.05278525501489639,-59.89521026611328,0.001
240.75,89,248,240.75,432,38691,0.2724895179271698,-60.29785919189453,-60.29785919189453,0.2724895179271698,0.030338319018483162,-60.29785919189453,0.18473856151103973,38590,0.18473856151103973,-0.0,-0.14958041906356812,-60.29785919189453,0.001
254.57,89,252,254.57,454,40691,0.3847272992134094,-64.3843994140625,-64.3843994140625,0.3847272992134094,0.038720376789569855,-64.3843994140625,0.3350091576576233,40590,0.3350091576576233,-0.0,0.6773251295089722,-64.3843994140625,0.001
268.49,89,256,268.49,476,42691,0.33829236030578613,-66.40704345703125,-66.40704345703125,0.33829236030578613,0.03803674131631851,-66.40704345703125,0.185424342751503,42590,0.185424342751503,-0.0,-0.23106473684310913,-66.40704345703125,0.001
278.99,89,260,278.99,496,44428,0.31927037239074707,-66.12062072753906,-66.12062072753906,0.31927037239074707,0.03758661821484566,-66.12062072753906,13.426319122314453,44327,13.426319122314453,-0.0,-0.2762717306613922,-66.12062072753906,0.001
289.02,89,264,289.02,514,46070,0.31143608689308167,-70.33963012695312,-70.33963012695312,0.31143608689308167,0.035738635808229446,-70.33963012695312,0.4609583020210266,45969,0.4609583020210266,-0.0,-0.16094975173473358,-70.33963012695312,0.001
292.44,89,268,292.44,526,47077,0.3090302348136902,-68.50717163085938,-68.50717163085938,0.3090302348136902,0.034132130444049835,-68.50717163085938,1.4324843883514404,46976,1.4324843883514404,-0.0,0.36535975337028503,-68.50717163085938,0.001
294.99,89,272,294.99,536,47975,0.29939180612564087,-69.41159057617188,-69.41159057617188,0.29939180612564087,0.02635476365685463,-69.41159057617188,0.3353129029273987,47874,0.3353129029273987,-0.0,-0.22556494176387787,-69.41159057617188,0.001
296.0,89,276,296.0,544,48748,0.29077160358428955,-72.05836486816406,-72.05836486816406,0.29077160358428955,0.027093132957816124,-72.05836486816406,0.1286410689353943,48647,0.1286410689353943,-0.0,0.127332866191864,-72.05836486816406,0.001
302.92,89,280,302.92,560,50157,0.302653968334198,-70.56222534179688,-70.56222534179688,0.302653968334198,0.025674298405647278,-70.56222534179688,5.086582660675049,50056,5.086582660675049,-0.0,0.7392922639846802,-70.56222534179688,0.001
309.73,89,284,309.73,576,51619,0.321636438369751,-74.20785522460938,-74.20785522460938,0.321636438369751,0.021932486444711685,-74.20785522460938,0.5927822589874268,51518,0.5927822589874268,-0.0,-0.18661507964134216,-74.20785522460938,0.001
317.13,89,288,317.13,594,53202,0.29927992820739746,-73.95079803466797,-73.95079803466797,0.29927992820739746,0.028143377974629402,-73.95079803466797,0.21933391690254211,53101,0.21933391690254211,-0.0,-0.5095248818397522,-73.95079803466797,0.001
318.94,89,292,318.94,605,54156,0.3548937439918518,-73.48944091796875,-73.48944091796875,0.3548937439918518,0.025549035519361496,-73.48944091796875,0.1139388158917427,54055,0.1139388158917427,-0.0,-0.1336652934551239,-73.48944091796875,0.001
319.22,89,296,319.22,615,55048,0.4408552050590515,-75.65924072265625,-75.65924072265625,0.4408552050590515,0.03332187235355377,-75.65924072265625,0.1612498015165329,54947,0.1612498015165329,-0.0,0.7009914517402649,-75.65924072265625,0.001
321.04,89,300,321.04,625,56004,0.38299086689949036,-77.44882202148438,-77.44882202148438,0.38299086689949036,0.028934817761182785,-77.44882202148438,0.1012360006570816,55903,0.1012360006570816,-0.0,-1.103350043296814,-77.44882202148438,0.001
322.94,89,304,322.94,636,56978,0.45680972933769226,-74.45263671875,-74.45263671875,0.45680972933769226,0.031565409153699875,-74.45263671875,0.21307092905044556,56877,0.21307092905044556,-0.0,0.44217464327812195,-74.45263671875,0.001
326.76,89,308,326.76,649,58139,0.3865942656993866,-74.6102523803711,-74.6102523803711,0.3865942656993866,0.03621689975261688,-74.6102523803711,0.2368127554655075,58038,0.2368127554655075,-0.0,-0.6700679063796997,-74.6102523803711,0.001
328.91,89,312,328.91,660,59151,0.5304962396621704,-76.64523315429688,-76.64523315429688,0.5304962396621704,0.0495576485991478,-76.64523315429688,0.27693167328834534,59050,0.27693167328834534,-0.0,-0.004812188446521759,-76.64523315429688,0.001
333.05,89,316,333.05,674,60394,0.47124356031417847,-78.53266906738281,-78.53266906738281,0.47124356031417847,0.05062554404139519,-78.53266906738281,0.2681649923324585,60293,0.2681649923324585,-0.0,-0.09427867829799652,-78.53266906738281,0.001
340.35,89,320,340.35,693,62122,0.4633951783180237,-78.15335845947266,-78.15335845947266,0.4633951783180237,0.05719493329524994,-78.15335845947266,0.12728092074394226,62021,0.12728092074394226,-0.0,-0.03206583112478256,-78.15335845947266,0.001
351.94,89,324,351.94,716,64122,0.4861260652542114,-79.62274169921875,-79.62274169921875,0.4861260652542114,0.061117056757211685,-79.62274169921875,0.6341704726219177,64021,0.6341704726219177,-0.0,0.16044849157333374,-79.62274169921875,0.001
359.63,89,328,359.63,738,66122,0.36543068289756775,-78.37092590332031,-78.37092590332031,0.36543068289756775,0.03852071240544319,-78.37092590332031,0.15100616216659546,66021,0.15100616216659546,-0.0,0.12970882654190063,-78.37092590332031,0.001
366.51,89,332,366.51,760,68122,0.4094487428665161,-81.54045104980469,-81.54045104980469,0.4094487428665161,0.03420555591583252,-81.54045104980469,0.17801712453365326,68021,0.17801712453365326,-0.0,0.2103683352470398,-81.54045104980469,0.001
368.05,89,336,368.05,783,70122,0.30334752798080444,-84.91975402832031,-84.91975402832031,0.30334752798080444,0.028138769790530205,-84.91975402832031,0.17966675758361816,70021,0.17966675758361816,-0.0,0.11577478051185608,-84.91975402832031,0.001
368.91,89,340,368.91,805,72122,0.2911354899406433,-81.11701965332031,-81.11701965332031,0.2911354899406433,0.023389281705021858,-81.11701965332031,0.1465456783771515,72021,0.1465456783771515,-0.0,-0.5602965354919434,-81.11701965332031,0.001
367.99,89,344,367.99,826,74019,0.2717675566673279,-83.9972152709961,-83.9972152709961,0.2717675566673279,0.023941783234477043,-83.9972152709961,0.15141010284423828,73918,0.15141010284423828,-0.0,1.016474962234497,-83.9972152709961,0.001
373.28,89,348,373.28,849,76019,0.3637876510620117,-79.88837432861328,-79.88837432861328,0.3637876510620117,0.023660432547330856,-79.88837432861328,0.14567136764526367,75918,0.14567136764526367,-0.0,0.5466271638870239,-79.88837432861328,0.001
373.28,89,352,373.28,871,78019,0.3033178746700287,-82.07939910888672,-82.07939910888672,0.3033178746700287,0.023819701746106148,-82.07939910888672,0.38227877020835876,77918,0.38227877020835876,-0.0,-0.8441921472549438,-82.07939910888672,0.001
373.28,89,356,373.28,893,80019,0.30858778953552246,-85.96400451660156,-85.96400451660156,0.30858778953552246,0.023717787116765976,-85.96400451660156,1.0583360195159912,79918,1.0583360195159912,-0.0,0.32257115840911865,-85.96400451660156,0.001
375.91,89,360,375.91,916,82019,0.293418288230896,-84.29156494140625,-84.29156494140625,0.293418288230896,0.026809314265847206,-84.29156494140625,0.13831110298633575,81918,0.13831110298633575,-0.0,-0.474006712436676,-84.29156494140625,0.001
379.49,89,364,379.49,938,84019,0.3030674457550049,-86.20968627929688,-86.20968627929688,0.3030674457550049,0.029657967388629913,-86.20968627929688,0.19181415438652039,83918,0.19181415438652039,-0.0,-0.3968069553375244,-86.20968627929688,0.001
389.42,89,368,389.42,960,86019,0.21904510259628296,-85.09623718261719,-85.09623718261719,0.21904510259628296,0.01646880991756916,-85.09623718261719,0.6008187532424927,85918,0.6008187532424927,-0.0,-0.46711331605911255,-85.09623718261719,0.001
400.44,89,372,400.44,983,88019,0.3498372435569763,-85.45550537109375,-85.45550537109375,0.3498372435569763,0.016709525138139725,-85.45550537109375,0.24982839822769165,87918,0.24982839822769165,-0.0,0.5015596151351929,-85.45550537109375,0.001
412.71,89,376,412.71,1005,90019,0.33326971530914307,-86.48184204101562,-86.48184204101562,0.33326971530914307,0.028327222913503647,-86.48184204101562,0.2795916795730591,89918,0.2795916795730591,-0.0,0.3791942000389099,-86.48184204101562,0.001
418.62,89,380,418.62,1027,92019,0.33224087953567505,-85.14442443847656,-85.14442443847656,0.33224087953567505,0.02049487642943859,-85.14442443847656,0.11355669051408768,91918,0.11355669051408768,-0.0,-0.35424304008483887,-85.14442443847656,0.001
424.0,89,384,424.0,1049,94019,0.2672942280769348,-88.21240234375,-88.21240234375,0.2672942280769348,0.023065319284796715,-88.21240234375,0.1471199095249176,93918,0.1471199095249176,-0.0,0.366652250289917,-88.21240234375,0.001
419.81,89,388,419.81,1062,95183,0.2879951000213623,-89.71774291992188,-89.71774291992188,0.2879951000213623,0.01964581198990345,-89.71774291992188,0.0781414806842804,95082,0.0781414806842804,-0.0,-0.14660286903381348,-89.71774291992188,0.001
428.89,89,392,428.89,1083,97045,0.2981129586696625,-88.96870422363281,-88.96870422363281,0.2981129586696625,0.01957094669342041,-88.96870422363281,0.7694679498672485,96944,0.7694679498672485,-0.0,-0.058495450764894485,-88.96870422363281,0.001
430.98,89,396,430.98,1096,98146,0.39353102445602417,-87.35283660888672,-87.35283660888672,0.39353102445602417,0.020360415801405907,-87.35283660888672,0.1878194510936737,98045,0.1878194510936737,-0.0,-0.1937135010957718,-87.35283660888672,0.001
431.39,89,400,431.39,1107,99143,0.34571951627731323,-88.86331939697266,-88.86331939697266,0.34571951627731323,0.014242777600884438,-88.86331939697266,1.032570719718933,99042,1.032570719718933,-0.0,-0.198143869638443,-88.86331939697266,0.001
438.28,89,404,438.28,1125,100806,0.39056140184402466,-87.47242736816406,-87.47242736816406,0.39056140184402466,0.017972493544220924,-87.47242736816406,1.6853653192520142,100705,1.6853653192520142,-0.0,0.9551677703857422,-87.47242736816406,0.001
446.67,89,408,446.67,1148,102806,0.29569894075393677,-86.91024780273438,-86.91024780273438,0.29569894075393677,0.016136903315782547,-86.91024780273438,0.19120676815509796,102705,0.19120676815509796,-0.0,-0.14288169145584106,-86.91024780273438,0.001
456.55,89,412,456.55,1170,104806,0.2474975287914276,-86.64435577392578,-86.64435577392578,0.2474975287914276,0.017681913450360298,-86.64435577392578,0.5340988636016846,104705,0.5340988636016846,-0.0,-0.2663589119911194,-86.64435577392578,0.001
464.12,89,416,464.12,1192,106806,0.29116198420524597,-88.13018798828125,-88.13018798828125,0.29116198420524597,0.02538088522851467,-88.13018798828125,0.16720005869865417,106705,0.16720005869865417,-0.0,0.6785978078842163,-88.13018798828125,0.001
466.84,89,420,466.84,1215,108806,0.25443679094314575,-88.60730743408203,-88.60730743408203,0.25443679094314575,0.01944209635257721,-88.60730743408203,0.19368670880794525,108705,0.19368670880794525,-0.0,-0.3365975022315979,-88.60730743408203,0.001
466.84,89,424,466.84,1237,110806,0.2934345602989197,-89.45338439941406,-89.45338439941406,0.2934345602989197,0.015417534857988358,-89.45338439941406,0.08899431675672531,110705,0.08899431675672531,-0.0,0.45382729172706604,-89.45338439941406,0.001
466.84,89,428,466.84,1259,112806,0.2816450297832489,-90.69725799560547,-90.69725799560547,0.2816450297832489,0.02274259552359581,-90.69725799560547,0.7881555557250977,112705,0.7881555557250977,-0.0,-0.1365610659122467,-90.69725799560547,0.001
466.84,89,432,466.84,1282,114806,0.27356502413749695,-89.77178955078125,-89.77178955078125,0.27356502413749695,0.018243787810206413,-89.77178955078125,0.4100843667984009,114705,0.4100843667984009,-0.0,0.14801853895187378,-89.77178955078125,0.001
466.84,89,436,466.84,1304,116806,0.1852845549583435,-89.35623931884766,-89.35623931884766,0.1852845549583435,0.017147846519947052,-89.35623931884766,0.05337056517601013,116705,0.05337056517601013,-0.0,-1.6806193590164185,-89.35623931884766,0.001
466.84,89,440,466.84,1326,118806,0.20806637406349182,-91.26680755615234,-91.26680755615234,0.20806637406349182,0.012727626599371433,-91.26680755615234,0.21764519810676575,118705,0.21764519810676575,-0.0,-0.4351441264152527,-91.26680755615234,0.001
467.87,89,444,467.87,1349,120806,0.2772313356399536,-87.25048065185547,-87.25048065185547,0.2772313356399536,0.013288704678416252,-87.25048065185547,0.14499372243881226,120705,0.14499372243881226,-0.0,0.3932642340660095,-87.25048065185547,0.001
467.87,89,448,467.87,1371,122806,0.27181267738342285,-89.56049346923828,-89.56049346923828,0.27181267738342285,0.015440686605870724,-89.56049346923828,0.060258649289608,122705,0.060258649289608,-0.0,-0.293414831161499,-89.56049346923828,0.001
467.87,89,452,467.87,1394,124806,0.24012058973312378,-91.93843841552734,-91.93843841552734,0.24012058973312378,0.01670103333890438,-91.93843841552734,0.08253008127212524,124705,0.08253008127212524,-0.0,-0.39427807927131653,-91.93843841552734,0.001
467.87,89,456,467.87,1416,126806,0.3143851161003113,-94.05224609375,-94.05224609375,0.3143851161003113,0.021538550034165382,-94.05224609375,0.06271642446517944,126705,0.06271642446517944,-0.0,-0.6566035747528076,-94.05224609375,0.001
467.87,89,460,467.87,1438,128806,0.24923373758792877,-92.81130981445312,-92.81130981445312,0.24923373758792877,0.009791582822799683,-92.81130981445312,0.19452953338623047,128705,0.19452953338623047,-0.0,0.03128031641244888,-92.81130981445312,0.001
467.87,89,464,467.87,1461,130806,0.19665996730327606,-91.9169921875,-91.9169921875,0.19665996730327606,0.010344650596380234,-91.9169921875,0.36871808767318726,130705,0.36871808767318726,-0.0,-1.7646645307540894,-91.9169921875,0.001
467.87,89,468,467.87,1483,132806,0.30085718631744385,-91.79120635986328,-91.79120635986328,0.30085718631744385,0.01117788814008236,-91.79120635986328,0.3445386290550232,132705,0.3445386290550232,-0.0,0.335551917552948,-91.79120635986328,0.001
467.87,89,472,467.87,1505,134806,0.19150632619857788,-91.46932983398438,-91.46932983398438,0.19150632619857788,0.007962626405060291,-91.46932983398438,0.0614461675286293,134705,0.0614461675286293,-0.0,-0.14487475156784058,-91.46932983398438,0.001
467.87,89,476,467.87,1528,136806,0.23037821054458618,-92.6283187866211,-92.6283187866211,0.23037821054458618,0.010454036295413971,-92.6283187866211,0.4244803786277771,136705,0.4244803786277771,-0.0,0.1952355057001114,-92.6283187866211,0.001
467.87,89,480,467.87,1550,138806,0.17829398810863495,-93.06306457519531,-93.06306457519531,0.17829398810863495,0.007156992796808481,-93.06306457519531,0.10196375101804733,138705,0.10196375101804733,-0.0,-0.1732446849346161,-93.06306457519531,0.001
466.01,89,484,466.01,1570,140620,0.3346571922302246,-90.31341552734375,-90.31341552734375,0.3346571922302246,0.011440006084740162,-90.31341552734375,0.2633940577507019,140519,0.2633940577507019,-0.0,0.8248499631881714,-90.31341552734375,0.001
474.37,89,488,474.37,1593,142620,0.24829833209514618,-91.342041015625,-91.342041015625,0.24829833209514618,0.008833400905132294,-91.342041015625,0.1002551019191742,142519,0.1002551019191742,-0.0,-0.24218857288360596,-91.342041015625,0.001
475.75,89,492,475.75,1615,144620,0.16712965071201324,-91.20115661621094,-91.20115661621094,0.16712965071201324,0.007129770703613758,-91.20115661621094,17.06301498413086,144519,17.06301498413086,-0.0,0.164762943983078,-91.20115661621094,0.001
484.74,89,496,484.74,1637,146620,0.2336294949054718,-91.48414611816406,-91.48414611816406,0.2336294949054718,0.008140555582940578,-91.48414611816406,0.3683367371559143,146519,0.3683367371559143,-0.0,-0.7466638088226318,-91.48414611816406,0.001
494.59,89,500,494.59,1659,148602,0.28916028141975403,-92.49301147460938,-92.49301147460938,0.28916028141975403,0.010788983665406704,-92.49301147460938,0.04814218729734421,148501,0.04814218729734421,-0.0,0.8464772701263428,-92.49301147460938,0.001
497.96,89,504,497.96,1681,150602,0.2060611993074417,-92.31830596923828,-92.31830596923828,0.2060611993074417,0.010967406444251537,-92.31830596923828,2.155043601989746,150501,2.155043601989746,-0.0,-0.6602073907852173,-92.31830596923828,0.001
497.96,89,508,497.96,1704,152602,0.22401568293571472,-92.04083251953125,-92.04083251953125,0.22401568293571472,0.009106691926717758,-92.04083251953125,0.07690015435218811,152501,0.07690015435218811,-0.0,0.28946030139923096,-92.04083251953125,0.001
497.96,89,512,497.96,1726,154602,0.2534122169017792,-92.85094451904297,-92.85094451904297,0.2534122169017792,0.010842083021998405,-92.85094451904297,0.06416871398687363,154501,0.06416871398687363,-0.0,-0.41667044162750244,-92.85094451904297,0.001
497.96,89,516,497.96,1749,156602,0.2746947407722473,-92.91747283935547,-92.91747283935547,0.2746947407722473,0.002952980576083064,-92.91747283935547,0.23965083062648773,156501,0.23965083062648773,-0.0,0.5127819776535034,-92.91747283935547,0.001
497.96,89,520,497.96,1771,158602,0.23787343502044678,-91.98600769042969,-91.98600769042969,0.23787343502044678,0.007801990024745464,-91.98600769042969,0.0729190781712532,158501,0.0729190781712532,-0.0,-0.7192692756652832,-91.98600769042969,0.001
494.09,89,524,494.09,1789,160215,0.37145406007766724,-94.98644256591797,-94.98644256591797,0.37145406007766724,0.0069203488528728485,-94.98644256591797,0.07073862850666046,160114,0.07073862850666046,-0.0,0.1144111156463623,-94.98644256591797,0.001
494.09,89,528,494.09,1811,162215,0.2511069178581238,-92.79510498046875,-92.79510498046875,0.2511069178581238,0.0069274636916816235,-92.79510498046875,0.7138458490371704,162114,0.7138458490371704,-0.0,-0.13907542824745178,-92.79510498046875,0.001
485.88,89,532,485.88,1824,163394,0.27879828214645386,-94.68352508544922,-94.68352508544922,0.27879828214645386,0.012304297648370266,-94.68352508544922,0.12172950804233551,163293,0.12172950804233551,-0.0,-1.347560167312622,-94.68352508544922,0.001
482.4,89,536,482.4,1843,165046,0.2481744885444641,-95.18110656738281,-95.18110656738281,0.2481744885444641,0.010381890460848808,-95.18110656738281,0.1477806270122528,164945,0.1477806270122528,-0.0,-0.44353562593460083,-95.18110656738281,0.001
482.4,89,540,482.4,1865,167046,0.3027653694152832,-92.51361083984375,-92.51361083984375,0.3027653694152832,0.011107582598924637,-92.51361083984375,0.07104591280221939,166945,0.07104591280221939,-0.0,-0.5180225968360901,-92.51361083984375,0.001
482.4,89,544,482.4,1888,169046,0.3508748412132263,-94.00340270996094,-94.00340270996094,0.3508748412132263,0.012565814889967442,-94.00340270996094,0.05879520624876022,168945,0.05879520624876022,-0.0,-0.45913365483283997,-94.00340270996094,0.001
482.4,89,548,482.4,1910,171046,0.33577561378479004,-93.1999282836914,-93.1999282836914,0.33577561378479004,0.01155026163905859,-93.1999282836914,0.1258300393819809,170945,0.1258300393819809,-0.0,0.016878843307495117,-93.1999282836914,0.001
479.84,89,552,479.84,1929,172790,0.23199592530727386,-94.3419189453125,-94.3419189453125,0.23199592530727386,0.010898950509727001,-94.3419189453125,0.2605200707912445,172689,0.2605200707912445,-0.0,-0.9988120794296265,-94.3419189453125,0.001
479.84,89,556,479.84,1952,174790,0.2585117816925049,-93.51348114013672,-93.51348114013672,0.2585117816925049,0.009294718503952026,-93.51348114013672,0.2073822021484375,174689,0.2073822021484375,-0.0,1.5337849855422974,-93.51348114013672,0.001
479.84,89,560,479.84,1974,176790,0.4005190134048462,-92.29499053955078,-92.29499053955078,0.4005190134048462,0.011148318648338318,-92.29499053955078,0.3371124267578125,176689,0.3371124267578125,-0.0,-0.45307689905166626,-92.29499053955078,0.001
479.84,89,564,479.84,1996,178790,0.3192022442817688,-94.09508514404297,-94.09508514404297,0.3192022442817688,0.010592522099614143,-94.09508514404297,0.07831259071826935,178689,0.07831259071826935,-0.0,0.4642852246761322,-94.09508514404297,0.001
479.84,89,568,479.84,2019,180790,0.28109627962112427,-94.64009094238281,-94.64009094238281,0.28109627962112427,0.010391196236014366,-94.64009094238281,0.649530291557312,180689,0.649530291557312,-0.0,0.8550416231155396,-94.64009094238281,0.001
479.84,89,572,479.84,2041,182790,0.2019614726305008,-96.49198913574219,-96.49198913574219,0.2019614726305008,0.007661216892302036,-96.49198913574219,0.12015154957771301,182689,0.12015154957771301,-0.0,0.27738356590270996,-96.49198913574219,0.001
479.84,89,576,479.84,2063,184790,0.329362154006958,-93.59407806396484,-93.59407806396484,0.329362154006958,0.009288648143410683,-93.59407806396484,0.21802592277526855,184689,0.21802592277526855,-0.0,0.2637869417667389,-93.59407806396484,0.001
479.84,89,580,479.84,2086,186790,0.2272552251815796,-95.5278091430664,-95.5278091430664,0.2272552251815796,0.006951086688786745,-95.5278091430664,0.1993429958820343,186689,0.1993429958820343,-0.0,-0.8623660802841187,-95.5278091430664,0.001
481.7,89,584,481.7,2108,188790,0.2220509648323059,-91.57994842529297,-91.57994842529297,0.2220509648323059,0.007830091752111912,-91.57994842529297,0.04338177666068077,188689,0.04338177666068077,-0.0,-0.6542761921882629,-91.57994842529297,0.001
481.7,89,588,481.7,2130,190790,0.24871709942817688,-93.29158782958984,-93.29158782958984,0.24871709942817688,0.00530430069193244,-93.29158782958984,0.06945855170488358,190689,0.06945855170488358,-0.0,0.03044399619102478,-93.29158782958984,0.001
481.7,89,592,481.7,2153,192790,0.32452285289764404,-93.73294067382812,-93.73294067382812,0.32452285289764404,0.007448116317391396,-93.73294067382812,0.09614754468202591,192689,0.09614754468202591,-0.0,0.5343201160430908,-93.73294067382812,0.001
481.7,89,596,481.7,2175,194790,0.2983953654766083,-94.31561279296875,-94.31561279296875,0.2983953654766083,0.009385385550558567,-94.31561279296875,0.06472807377576828,194689,0.06472807377576828,-0.0,-0.8191869258880615,-94.31561279296875,0.001
481.88,89,600,481.88,2197,196790,0.30476588010787964,-94.65289306640625,-94.65289306640625,0.30476588010787964,0.008282313123345375,-94.65289306640625,3.194822072982788,196689,3.194822072982788,-0.0,-0.42016327381134033,-94.65289306640625,0.001
481.88,89,604,481.88,2219,198790,0.34111887216567993,-94.65687561035156,-94.65687561035156,0.34111887216567993,0.015835141763091087,-94.65687561035156,4.747091293334961,198689,4.747091293334961,-0.0,-0.30823105573654175,-94.65687561035156,0.001
481.88,89,608,481.88,2242,200790,0.37927767634391785,-94.07608032226562,-94.07608032226562,0.37927767634391785,0.010276337154209614,-94.07608032226562,0.3691580891609192,200689,0.3691580891609192,-0.0,0.4066975712776184,-94.07608032226562,0.001
481.88,89,612,481.88,2264,202790,0.5203303098678589,-95.14307403564453,-95.14307403564453,0.5203303098678589,0.026878753677010536,-95.14307403564453,0.05989117547869682,202689,0.05989117547869682,-0.0,0.07044699788093567,-95.14307403564453,0.001
481.88,89,616,481.88,2287,204790,0.421603798866272,-92.98513793945312,-92.98513793945312,0.421603798866272,0.013187121599912643,-92.98513793945312,0.1322965770959854,204689,0.1322965770959854,-0.0,-0.10810250043869019,-92.98513793945312,0.001
481.88,89,620,481.88,2309,206790,0.35145020484924316,-95.768310546875,-95.768310546875,0.35145020484924316,0.015270297415554523,-95.768310546875,0.09510492533445358,206689,0.09510492533445358,-0.0,-0.31154072284698486,-95.768310546875,0.001
485.75,89,624,485.75,2332,208790,0.2996596395969391,-93.87416076660156,-93.87416076660156,0.2996596395969391,0.008697870187461376,-93.87416076660156,0.06663528829813004,208689,0.06663528829813004,-0.0,-0.36558860540390015,-93.87416076660156,0.001
485.75,89,628,485.75,2354,210790,0.3497282862663269,-96.20884704589844,-96.20884704589844,0.3497282862663269,0.009002321399748325,-96.20884704589844,0.1106315553188324,210689,0.1106315553188324,-0.0,0.5625114440917969,-96.20884704589844,0.001
493.96,89,632,493.96,2376,212790,0.37935417890548706,-97.05631256103516,-97.05631256103516,0.37935417890548706,0.017255758866667747,-97.05631256103516,2.755047082901001,212689,2.755047082901001,-0.0,-0.4966091811656952,-97.05631256103516,0.001
497.44,89,636,497.44,2399,214790,0.49078798294067383,-96.62909698486328,-96.62909698486328,0.49078798294067383,0.020718682557344437,-96.62909698486328,0.04062957316637039,214689,0.04062957316637039,-0.0,0.2738204896450043,-96.62909698486328,0.001
497.44,89,640,497.44,2421,216790,0.41498854756355286,-96.59217071533203,-96.59217071533203,0.41498854756355286,0.03235098347067833,-96.59217071533203,0.43494680523872375,216689,0.43494680523872375,-0.0,-0.6612765192985535,-96.59217071533203,0.001
497.44,89,644,497.44,2443,218790,0.4817485809326172,-97.26758575439453,-97.26758575439453,0.4817485809326172,0.02137164957821369,-97.26758575439453,1.9622719287872314,218689,1.9622719287872314,-0.0,0.547924280166626,-97.26758575439453,0.001
497.44,89,648,497.44,2466,220790,0.425627201795578,-97.90699768066406,-97.90699768066406,0.425627201795578,0.016581514850258827,-97.90699768066406,0.03857380524277687,220689,0.03857380524277687,-0.0,-0.6541420817375183,-97.90699768066406,0.001
500.0,89,652,500.0,2488,222790,0.4205400347709656,-98.79312133789062,-98.79312133789062,0.4205400347709656,0.012929198332130909,-98.79312133789062,0.24317777156829834,222689,0.24317777156829834,-0.0,-0.3154189884662628,-98.79312133789062,0.001
500.0,89,656,500.0,2510,224790,0.5179052352905273,-99.65006256103516,-99.65006256103516,0.5179052352905273,0.01173986867070198,-99.65006256103516,0.02854735776782036,224689,0.02854735776782036,-0.0,0.8885579705238342,-99.65006256103516,0.001
500.0,89,660,500.0,2532,226790,0.4251967668533325,-100.73316955566406,-100.73316955566406,0.4251967668533325,0.018148651346564293,-100.73316955566406,0.05946875363588333,226689,0.05946875363588333,-0.0,-0.6768077611923218,-100.73316955566406,0.001
500.0,89,664,500.0,2555,228790,0.5565415620803833,-100.92933654785156,-100.92933654785156,0.5565415620803833,0.024709681048989296,-100.92933654785156,0.06491446495056152,228689,0.06491446495056152,-0.0,0.6574928164482117,-100.92933654785156,0.001
500.0,89,668,500.0,2577,230790,0.18660323321819305,-101.58934020996094,-101.58934020996094,0.18660323321819305,0.009067123755812645,-101.58934020996094,0.07071015983819962,230689,0.07071015983819962,-0.0,-0.0074300616979599,-101.58934020996094,0.001
500.0,89,672,500.0,2599,232790,0.3141985833644867,-96.68060302734375,-96.68060302734375,0.3141985833644867,0.010996842756867409,-96.68060302734375,0.06616927683353424,232689,0.06616927683353424,-0.0,-0.4119749665260315,-96.68060302734375,0.001
500.0,89,676,500.0,2622,234790,0.4177490472793579,-98.62896728515625,-98.62896728515625,0.4177490472793579,0.008325805887579918,-98.62896728515625,0.02719777636229992,234689,0.02719777636229992,-0.0,-0.1510125994682312,-98.62896728515625,0.001
500.0,89,680,500.0,2644,236790,0.4935950040817261,-100.54313659667969,-100.54313659667969,0.4935950040817261,0.009389916434884071,-100.54313659667969,0.0238508228212595,236689,0.0238508228212595,-0.0,0.8608591556549072,-100.54313659667969,0.001
500.0,89,684,500.0,2667,238790,0.6506084203720093,-97.90560150146484,-97.90560150146484,0.6506084203720093,0.013925155624747276,-97.90560150146484,0.06541089713573456,238689,0.06541089713573456,-0.0,2.296947717666626,-97.90560150146484,0.001
500.0,89,688,500.0,2689,240790,0.2545933425426483,-98.52156066894531,-98.52156066894531,0.2545933425426483,0.008006219752132893,-98.52156066894531,0.0377030223608017,240689,0.0377030223608017,-0.0,-1.0228321552276611,-98.52156066894531,0.001
500.0,89,692,500.0,2711,242790,0.38866961002349854,-97.72013854980469,-97.72013854980469,0.38866961002349854,0.005872034002095461,-97.72013854980469,0.03391440957784653,242689,0.03391440957784653,-0.0,0.008849695324897766,-97.72013854980469,0.001
500.0,89,696,500.0,2734,244790,0.426640123128891,-97.67971801757812,-97.67971801757812,0.426640123128891,0.016392022371292114,-97.67971801757812,0.046583592891693115,244689,0.046583592891693115,-0.0,-0.525478720664978,-97.67971801757812,0.001
500.0,89,700,500.0,2756,246790,0.36674046516418457,-97.45606231689453,-97.45606231689453,0.36674046516418457,0.010392227210104465,-97.45606231689453,0.0929846316576004,246689,0.0929846316576004,-0.0,-0.6118559837341309,-97.45606231689453,0.001
500.0,89,704,500.0,2779,248790,0.24120581150054932,-99.29803466796875,-99.29803466796875,0.24120581150054932,0.00457885954529047,-99.29803466796875,0.05932176113128662,248689,0.05932176113128662,-0.0,-0.5153636336326599,-99.29803466796875,0.001
500.0,89,708,500.0,2801,250790,0.22334350645542145,-99.58731842041016,-99.58731842041016,0.22334350645542145,0.004278778564184904,-99.58731842041016,0.05472851172089577,250689,0.05472851172089577,-0.0,-1.2254376411437988,-99.58731842041016,0.001
500.0,89,712,500.0,2823,252790,0.22239284217357635,-99.92317199707031,-99.92317199707031,0.22239284217357635,0.0038086939603090286,-99.92317199707031,18.39971160888672,252689,18.39971160888672,-0.0,-1.3185279369354248,-99.92317199707031,0.001
500.0,89,716,500.0,2846,254790,0.2974020838737488,-95.880615234375,-95.880615234375,0.2974020838737488,0.003121358575299382,-95.880615234375,0.1959049105644226,254689,0.1959049105644226,-0.0,1.7424578666687012,-95.880615234375,0.001
500.0,89,720,500.0,2868,256790,0.19580870866775513,-96.79006958007812,-96.79006958007812,0.19580870866775513,0.0025905403308570385,-96.79006958007812,0.4296219050884247,256689,0.4296219050884247,-0.0,-1.0159521102905273,-96.79006958007812,0.001
500.0,89,724,500.0,2890,258790,0.2831355333328247,-96.637451171875,-96.637451171875,0.2831355333328247,0.0020425247494131327,-96.637451171875,0.02270813100039959,258689,0.02270813100039959,-0.0,1.077775239944458,-96.637451171875,0.001
500.0,89,728,500.0,2912,260790,0.2507748603820801,-96.9820785522461,-96.9820785522461,0.2507748603820801,0.003662832546979189,-96.9820785522461,0.03285866230726242,260689,0.03285866230726242,-0.0,0.43875396251678467,-96.9820785522461,0.001
500.0,89,732,500.0,2935,262790,0.19002637267112732,-97.39275360107422,-97.39275360107422,0.19002637267112732,0.006552983075380325,-97.39275360107422,0.038214340806007385,262689,0.038214340806007385,-0.0,-1.4992338418960571,-97.39275360107422,0.001
500.0,89,736,500.0,2957,264790,0.18852660059928894,-98.42384338378906,-98.42384338378906,0.18852660059928894,0.0042577278800308704,-98.42384338378906,1.2350382804870605,264689,1.2350382804870605,-0.0,0.2972137928009033,-98.42384338378906,0.001
500.0,89,740,500.0,2979,266790,0.2514112889766693,-98.52790832519531,-98.52790832519531,0.2514112889766693,0.003758686129003763,-98.52790832519531,0.03459221124649048,266689,0.03459221124649048,-0.0,-0.3448583483695984,-98.52790832519531,0.001
500.0,89,744,500.0,3002,268790,0.22678431868553162,-99.31932067871094,-99.31932067871094,0.22678431868553162,0.003289679065346718,-99.31932067871094,0.15962842106819153,268689,0.15962842106819153,-0.0,-1.1687426567077637,-99.31932067871094,0.001
500.0,89,748,500.0,3024,270790,0.19122599065303802,-97.67292785644531,-97.67292785644531,0.19122599065303802,0.004218209069222212,-97.67292785644531,0.038450099527835846,270689,0.038450099527835846,-0.0,0.027660906314849854,-97.67292785644531,0.001
500.0,89,752,500.0,3046,272790,0.2951692044734955,-97.63133239746094,-97.63133239746094,0.2951692044734955,0.0042923083528876305,-97.63133239746094,0.018489358946681023,272689,0.018489358946681023,-0.0,2.3129611015319824,-97.63133239746094,0.001
500.0,89,756,500.0,3069,274790,0.24523329734802246,-96.06607055664062,-96.06607055664062,0.24523329734802246,0.003605410922318697,-96.06607055664062,0.03172406554222107,274689,0.03172406554222107,-0.0,0.2244681864976883,-96.06607055664062,0.001
498.79,89,760,498.79,3090,276669,0.2649104595184326,-95.899169921875,-95.899169921875,0.2649104595184326,0.0039970120415091515,-95.899169921875,0.023796994239091873,276568,0.023796994239091873,-0.0,-0.8775546550750732,-95.899169921875,0.001
498.7,89,764,498.7,3112,278660,0.1811090111732483,-95.56884765625,-95.56884765625,0.1811090111732483,0.0036325990222394466,-95.56884765625,0.05419570952653885,278559,0.05419570952653885,-0.0,1.3147192001342773,-95.56884765625,0.001
496.1,89,768,496.1,3132,280400,0.28523534536361694,-96.71295928955078,-96.71295928955078,0.28523534536361694,0.0027574291452765465,-96.71295928955078,0.027997255325317383,280299,0.027997255325317383,-0.0,0.021114647388458252,-96.71295928955078,0.001
492.36,89,772,492.36,3150,282026,0.2538323402404785,-95.05914306640625,-95.05914306640625,0.2538323402404785,0.00479493010789156,-95.05914306640625,0.03987910971045494,281925,0.03987910971045494,-0.0,-0.010403916239738464,-95.05914306640625,0.001
489.12,89,776,489.12,3169,283702,0.14337104558944702,-97.91441345214844,-97.91441345214844,0.14337104558944702,0.005091560073196888,-97.91441345214844,0.6518266201019287,283601,0.6518266201019287,-0.0,-1.089949131011963,-97.91441345214844,0.001
489.12,89,780,489.12,3191,285702,0.25519537925720215,-96.82928466796875,-96.82928466796875,0.25519537925720215,0.0029945187270641327,-96.82928466796875,0.05712631344795227,285601,0.05712631344795227,-0.0,0.5981270670890808,-96.82928466796875,0.001
489.12,89,784,489.12,3213,287702,0.561348557472229,-95.56817626953125,-95.56817626953125,0.561348557472229,0.009247362613677979,-95.56817626953125,0.027208123356103897,287601,0.027208123356103897,-0.0,1.591568946838379,-95.56817626953125,0.001
489.12,89,788,489.12,3236,289702,0.5621231198310852,-98.478271484375,-98.478271484375,0.5621231198310852,0.007821054197847843,-98.478271484375,0.04225940257310867,289601,0.04225940257310867,-0.0,0.12725064158439636,-98.478271484375,0.001
489.12,89,792,489.12,3258,291702,0.38010841608047485,-96.91661071777344,-96.91661071777344,0.38010841608047485,0.004084648098796606,-96.91661071777344,0.13096368312835693,291601,0.13096368312835693,-0.0,-0.155846506357193,-96.91661071777344,0.001
486.78,89,796,486.78,3278,293468,0.1866934895515442,-97.5544204711914,-97.5544204711914,0.1866934895515442,0.0031321682035923004,-97.5544204711914,0.02146379090845585,293367,0.02146379090845585,-0.0,1.6277432441711426,-97.5544204711914,0.001
486.78,89,800,486.78,3300,295468,0.20036034286022186,-97.23823547363281,-97.23823547363281,0.20036034286022186,0.004557397216558456,-97.23823547363281,0.03326038271188736,295367,0.03326038271188736,-0.0,-2.3306775093078613,-97.23823547363281,0.001
486.78,89,804,486.78,3322,297468,0.16890773177146912,-97.29165649414062,-97.29165649414062,0.16890773177146912,0.004070483613759279,-97.29165649414062,0.45405256748199463,297367,0.45405256748199463,-0.0,-1.35917329788208,-97.29165649414062,0.001
486.78,89,808,486.78,3346,299468,0.2186415195465088,-95.40797424316406,-95.40797424316406,0.2186415195465088,0.004553788807243109,-95.40797424316406,8.97221851348877,299367,8.97221851348877,-0.0,-0.4684227406978607,-95.40797424316406,0.001
