time/total_timesteps,time/episodes,rollout/ep_len_mean,rollout/ep_rew_mean,time/fps,time/time_elapsed,train/MSE_loss,train/critic_los,train/learning_rate,train/RL_loss,train/MSE_losses,train/Main_losses,train/Beta,train/critic_loss,train/actor_loss,train/n_updates,train/loss
43,4,10.75,10.75,3648,0,,,,,,,,,,,
155,8,19.375,19.375,556,0,0.19841121137142181,0.010825155302882195,0.001,-0.8899187445640564,0.26542849093675613,1.758565776877933,0.988,0.14256811623990134,-0.863867751426167,37,1.0703840255737305
1274,12,106.16666666666667,106.16666666666667,248,5,0.22093698382377625,0.016121242195367813,0.001,-2.625555992126465,0.2530136241995055,0.2175833123853837,0.98,0.02277307969286513,-2.261950251699864,770,-0.4603734016418457
3274,16,204.625,204.625,188,17,0.23468033969402313,0.03959912806749344,0.001,-6.584749698638916,0.2545077882409096,-3.607302068710327,0.972,0.06290567640960217,-6.081117841720581,2704,-4.303656578063965
4838,20,241.9,241.9,171,28,0.19011290371418,0.07066304981708527,0.001,-10.211447715759277,0.2550384559698643,-7.529127155580828,0.964,0.09819253142848311,-9.987697924337079,4453,-8.378759384155273
6838,24,284.9166666666667,284.9166666666667,171,39,0.2499486356973648,0.0575840100646019,0.001,-14.13819694519043,0.25286236053705213,-10.910888469696046,0.956,0.1252586244493723,-13.328252731323243,6268,-11.748687744140625
8705,28,310.89285714285717,310.89285714285717,168,51,0.2675950229167938,0.13173094391822815,0.001,-16.792085647583008,0.25330956774950025,-14.178234699249268,0.948,0.1521934490390122,-16.57960929107666,8135,-14.255285263061523
10477,32,327.40625,327.40625,166,62,0.2541366219520569,0.08726657927036285,0.001,-19.7493896484375,0.2549886428117752,-16.86869641494751,0.94,0.16209644316136837,-19.265589561462402,9907,-17.360506057739258
12297,36,341.5833333333333,341.5833333333333,165,74,0.2597041130065918,0.13572846353054047,0.001,-21.867538452148438,0.25287473797798155,-19.615760159492492,0.932,0.19691097539616748,-21.97255265712738,11727,-19.44709587097168
14297,40,357.425,357.425,164,87,0.2312089055776596,0.12972289323806763,0.001,-24.70955467224121,0.25464517521858215,-22.635843879699706,0.924,0.19967556041479112,-24.98876518249512,13727,-22.573184967041016
16297,44,370.3863636363636,370.3863636363636,163,99,0.253922700881958,0.15075254440307617,0.001,-29.135482788085938,0.2527142589688301,-26.082907348632812,0.916,0.30042501901090146,-28.39776992034912,15727,-26.809551239013672
18099,48,377.0625,377.0625,162,111,0.23249103128910065,0.14546670019626617,0.001,-31.23369789123535,0.25358790514484936,-29.02515177695167,0.908,0.316150555004742,-31.327730001992737,17529,-29.122678756713867
19837,52,381.4807692307692,381.4807692307692,160,123,0.2615514099597931,0.11324754357337952,0.001,-33.793148040771484,0.2540224552154541,-31.662987396240233,0.9,0.2517343695089221,-33.949189544677736,19529,-31.439186096191406
21837,56,389.94642857142856,389.94642857142856,162,134,0.24536965787410736,0.12666556239128113,0.001,-36.43730545043945,0.24970007556676865,-33.60036975860596,0.892,0.25141003672778606,-35.82769454956055,21267,-34.24860763549805
23541,60,392.35,392.35,161,145,0.26197096705436707,0.10954312980175018,0.001,-37.92974090576172,0.256614206969738,-35.60818113708496,0.884,0.2844312468022108,-37.87665077209473,22971,-35.61391830444336
25541,64,399.078125,399.078125,161,157,0.2687687277793884,0.17019020020961761,0.001,-41.74041748046875,0.2533961715102196,-38.21614611816406,0.876,0.2476684516593814,-40.43589666748047,24971,-39.38600158691406
27541,68,405.0147058823529,405.0147058823529,161,170,0.2216731607913971,0.36070549488067627,0.001,-43.21631622314453,0.2564388318061829,-41.00046180725098,0.868,0.2764929907023907,-43.226350936889645,26971,-41.29219436645508
29541,72,410.2916666666667,410.2916666666667,161,183,0.27259767055511475,0.19703409075737,0.001,-47.283748626708984,0.2590362542271614,-43.9461593170166,0.86,0.38215300515294076,-46.17387109375,28971,-44.93940734863281
31541,76,415.0131578947368,415.0131578947368,161,195,0.2189379334449768,0.3632281422615051,0.001,-47.71821975708008,0.2666602630019188,-46.469008407592774,0.852,0.46724865329265597,-48.740953994750974,30971,-45.852867126464844
33541,80,419.2625,419.2625,161,208,0.26008322834968567,0.3214293122291565,0.001,-52.87409973144531,0.27569904017448427,-50.02900326538086,0.844,0.6416768869757652,-52.35590301513672,32971,-50.67899703979492
35541,84,423.10714285714283,423.10714285714283,160,220,0.3519791066646576,0.6320408582687378,0.001,-58.95925521850586,0.28406791830062866,-53.5520347442627,0.836,0.7349096971154213,-55.92684246826172,34971,-56.01670837402344
37541,88,426.60227272727275,426.60227272727275,160,233,0.2688913345336914,0.3818577527999878,0.001,-60.38010025024414,0.2672202288508415,-56.73327554321289,0.828,0.6413023824989795,-58.945858947753905,36971,-58.15367889404297
39541,92,429.79347826086956,429.79347826086956,160,246,0.20557303726673126,0.27172207832336426,0.001,-61.630252838134766,0.26562536185979846,-59.175958709716795,0.82,0.4797640813887119,-61.354086639404294,38971,-59.94455337524414
41541,96,432.71875,432.71875,160,258,0.25244879722595215,0.9187729358673096,0.001,-62.390869140625,0.28112153166532516,-62.458516983032226,0.812,0.9701945895552635,-64.74122366333008,40971,-60.34098434448242
42999,100,429.99,429.99,160,268,0.2447417825460434,0.36916348338127136,0.001,-65.56808471679688,0.2587928507280977,-63.3561742682206,0.804,0.3929951936980478,-65.43686896876285,42429,-63.60036087036133
44969,104,449.26,449.26,160,280,0.2542099952697754,0.7090291976928711,0.001,-68.6671142578125,0.2687270959019661,-64.59790036010742,0.796,0.608717190772295,-66.73696823120117,44399,-66.64360046386719
46956,108,468.01,468.01,160,293,0.2065020650625229,0.8041694164276123,0.001,-70.28961944580078,0.27901374763250353,-67.96399015808106,0.788,0.91684671241045,-70.1626185913086,46386,-68.66238403320312
48956,112,476.82,476.82,159,306,0.2864348590373993,0.5408056974411011,0.001,-68.25746154785156,0.26392662614583967,-69.5175310974121,0.78,0.5969437499642372,-71.5761589050293,48386,-66.02326965332031
50956,116,476.82,476.82,159,318,0.22847366333007812,2.2748703956604004,0.001,-74.27692413330078,0.2692238327264786,-70.9770818786621,0.772,0.7327566309571266,-73.05548968505859,50386,-72.51310729980469
52956,120,481.18,481.18,159,331,0.3052537441253662,0.673430860042572,0.001,-74.36045837402344,0.27874880212545394,-73.3586935119629,0.764,0.7936988849639892,-75.4883345336914,52386,-72.0283203125
54956,124,481.18,481.18,159,344,0.2566525936126709,0.33964550495147705,0.001,-78.15501403808594,0.27881672966480253,-74.87008071899415,0.756,0.6693054766058922,-76.97793502807617,54386,-76.2147216796875
56318,128,476.13,476.13,158,354,0.3160015940666199,0.5089128017425537,0.001,-79.57575225830078,0.277373596013171,-75.48509201494235,0.748,0.5590465084731,-77.55984630399537,56092,-77.2120590209961
56956,132,464.79,464.79,158,358,0.19772939383983612,0.3630620539188385,0.001,-78.52848052978516,0.2882521908048173,-76.15461591263892,0.74,0.963285849127971,-78.28768211687115,56713,-77.0652847290039
58146,136,458.49,458.49,159,364,0.32213979959487915,0.5227323174476624,0.001,-78.47445678710938,0.2696603865341376,-76.35062880188454,0.732,0.5487012859733625,-78.32454302838741,57576,-76.11639404296875
60146,140,458.49,458.49,159,377,0.2923852503299713,0.5855538845062256,0.001,-81.23076629638672,0.2749633036851883,-77.8862019958496,0.724,0.9143053745627403,-79.87693618774414,59576,-79.11389923095703
62146,144,458.49,458.49,159,389,0.2874496281147003,0.5352797508239746,0.001,-81.83988952636719,0.2655241619944572,-78.28447094726563,0.716,0.7374660377502441,-80.1856240234375,61576,-79.78175354003906
64146,148,460.47,460.47,159,402,0.17812824249267578,0.6682714819908142,0.001,-82.623291015625,0.26690098547935487,-78.97054486083984,0.708,0.9504149937033654,-80.86020376586914,63576,-81.36214447021484
66146,152,463.09,463.09,159,415,0.3358823359012604,0.5324478149414062,0.001,-81.77069854736328,0.27074211519956587,-78.78491500854493,0.7,0.698024399638176,-80.68010974121094,65576,-79.41952514648438
68146,156,463.09,463.09,159,427,0.3038250505924225,0.3570995032787323,0.001,-80.76161193847656,0.26762358289957044,-77.91496591186524,0.692,0.5885842946171761,-79.76692111206054,67576,-78.65914154052734
70146,160,466.05,466.05,159,440,0.3256412446498871,0.6111081838607788,0.001,-79.53111267089844,0.2670393572449684,-77.77412725830078,0.684,0.7913790389299392,-79.60067651367187,69576,-77.30372619628906
72146,164,466.05,466.05,159,453,0.21068663895130157,0.3765178322792053,0.001,-78.79924011230469,0.26344493466615676,-77.1240295715332,0.676,0.6365382565557957,-78.90491729736328,71576,-77.375
74146,168,466.05,466.05,159,465,0.3199653625488281,1.1071481704711914,0.001,-77.16337585449219,0.2636600138545036,-77.2223307800293,0.668,0.5352334207892417,-78.98357958984376,73576,-75.02600860595703
76146,172,466.05,466.05,159,478,0.28859034180641174,0.4861142635345459,0.001,-79.55562591552734,0.25962244802713397,-77.10227243041992,0.66,0.4443604719936848,-78.81578057861329,75576,-77.65093231201172
78146,176,466.05,466.05,159,490,0.2675583064556122,0.31275495886802673,0.001,-80.8714828491211,0.2637502423524857,-77.66155453491211,0.652,0.5366460718512535,-79.3812060546875,77576,-79.12699890136719
80146,180,466.05,466.05,159,503,0.2951079308986664,0.3566575050354004,0.001,-77.99442291259766,0.26488038909435274,-78.60438485717773,0.644,0.5714314439594745,-80.31021463012695,79576,-76.09392547607422
82146,184,466.05,466.05,159,516,0.28954336047172546,0.6895922422409058,0.001,-79.86607360839844,0.25900756496191024,-79.28933209228515,0.636,0.40702539736032484,-80.93662014770509,81576,-78.02457427978516
84146,188,466.05,466.05,159,528,0.25560542941093445,0.2298421412706375,0.001,-82.0958251953125,0.258344680249691,-79.98621734619141,0.628,0.35640454629063606,-81.60862170410157,83576,-80.4906234741211
86146,192,466.05,466.05,159,541,0.2496059387922287,0.11268265545368195,0.001,-82.74894714355469,0.2601269456744194,-80.18930981445313,0.62,0.32982995226979256,-81.80209674072266,85576,-81.2013931274414
88146,196,466.05,466.05,159,553,0.2548602521419525,0.308083713054657,0.001,-80.44711303710938,0.2573530002236366,-80.61845559692382,0.612,0.37666472840309145,-82.1934557800293,87576,-78.88736724853516
90146,200,471.47,471.47,159,566,0.2521807849407196,0.44752538204193115,0.001,-80.00562286376953,0.2538846271634102,-80.94474771118163,0.604,0.3140447073578835,-82.47821081542969,89576,-78.48245239257812
92146,204,471.77,471.77,159,579,0.3078717589378357,0.23339934647083282,0.001,-81.7505874633789,0.2541467403173447,-81.05985778808594,0.596,0.3272396306544542,-82.57457223510742,91576,-79.9156723022461
94146,208,471.9,471.9,159,591,0.1958889365196228,0.2659912109375,0.001,-81.4509506225586,0.25603789460659027,-81.2511050415039,0.588,0.3546796657890081,-82.75660800170898,93576,-80.29912567138672
96146,212,471.9,471.9,159,604,0.27980953454971313,0.1834903061389923,0.001,-80.15270233154297,0.2557387006878853,-81.77564141845703,0.58,0.26628510203957556,-83.25892587280273,95576,-78.5298080444336
98146,216,471.9,471.9,159,617,0.23707950115203857,5.9850640296936035,0.001,-83.67774963378906,0.26444524389505386,-82.3990935974121,0.572,0.2905622518211603,-83.9117204284668,97576,-82.3216552734375
100146,220,471.9,471.9,159,629,0.2603674530982971,0.6103450059890747,0.001,-83.5799560546875,0.25765016639232635,-83.22449319458008,0.564,0.2772397788465023,-84.67764038085937,99576,-82.11148071289062
102146,224,471.9,471.9,159,642,0.3178795278072357,0.28277212381362915,0.001,-86.48421478271484,0.25622025156021117,-83.53392935180663,0.556,0.31364872042834757,-84.95851373291016,101576,-84.71680450439453
104146,228,478.28,478.28,159,654,0.27747875452041626,0.32502517104148865,0.001,-82.41057586669922,0.2529336750507355,-83.88267568969727,0.548,0.4269967992007732,-85.26875244140625,103576,-80.8899917602539
106146,232,491.9,491.9,159,667,0.262079119682312,0.12274623662233353,0.001,-87.7565689086914,0.2573435467481613,-83.98834060668945,0.54,0.4438570940494537,-85.37799584960938,105576,-86.34133911132812
108146,236,500.0,500.0,158,680,0.23064284026622772,0.2578622102737427,0.001,-86.69817352294922,0.25594380074739453,-83.88777444458007,0.532,0.310456666380167,-85.24939547729493,107576,-85.47115325927734
110146,240,500.0,500.0,158,692,0.28442034125328064,0.22476647794246674,0.001,-86.20428466796875,0.262761400282383,-84.26879580688477,0.524,0.47586491264402864,-85.6456654663086,109576,-84.71392059326172
112146,244,500.0,500.0,158,705,0.2697313725948334,0.09390487521886826,0.001,-88.33280181884766,0.2543803395628929,-84.75941876220703,0.516,0.2758456275463104,-86.07202136230468,111576,-86.94098663330078
114146,248,500.0,500.0,158,718,0.2414894551038742,0.12056748569011688,0.001,-87.96607208251953,0.2534662448167801,-85.18092120361328,0.508,0.2738373261541128,-86.46852969360351,113576,-86.73930358886719
116146,252,500.0,500.0,158,731,0.2896115183830261,0.23711234331130981,0.001,-87.6053695678711,0.2535284217596054,-85.36931961059571,0.5,0.3100262944176793,-86.63696166992187,115576,-86.15731048583984
118146,256,500.0,500.0,158,743,0.29170671105384827,0.11562080681324005,0.001,-88.37433624267578,0.25819529938697816,-85.64056784057617,0.492,0.25778300961107015,-86.91088888549805,117576,-86.93914031982422
120146,260,500.0,500.0,158,756,0.26886698603630066,0.23674321174621582,0.001,-86.63726043701172,0.2529825494885445,-85.86427639770508,0.484,0.28926275549083946,-87.08871209716797,119576,-85.33594512939453
122146,264,500.0,500.0,158,769,0.21324245631694794,0.13776376843452454,0.001,-87.08439636230469,0.2553639140129089,-86.13218969726563,0.476,0.2695533138439059,-87.34772189331055,121576,-86.0693588256836
124146,268,500.0,500.0,158,782,0.21649813652038574,0.292782187461853,0.001,-84.17427825927734,0.25099431389570237,-86.47568460083008,0.468,0.22495991454273462,-87.65033795166016,123576,-83.16106414794922
126146,272,500.0,500.0,158,794,0.2289920300245285,0.12209542095661163,0.001,-87.62550354003906,0.2513107367753983,-86.58945520019532,0.46,0.22125209014862776,-87.745484375,125576,-86.5721435546875
128146,276,500.0,500.0,158,807,0.2562326490879059,0.18566010892391205,0.001,-87.70689392089844,0.2548697893023491,-86.87137234497071,0.452,0.2580399493128061,-88.02338381958008,127576,-86.54872131347656
130146,280,500.0,500.0,158,820,0.318392813205719,0.16244786977767944,0.001,-88.61861419677734,0.25962821435928346,-87.16299746704101,0.444,0.28812363063544033,-88.31574658203125,129576,-87.20494842529297
132146,284,500.0,500.0,158,832,0.28332340717315674,0.04990364983677864,0.001,-91.5248031616211,0.253788831949234,-87.37477862548828,0.436,0.27506922622025015,-88.48129791259765,131576,-90.28951263427734
134146,288,500.0,500.0,158,845,0.20803339779376984,0.10788112878799438,0.001,-89.46477508544922,0.25991700369119647,-87.84826776123047,0.428,0.2813005444258451,-88.9607123413086,133576,-88.57439422607422
136146,292,500.0,500.0,158,858,0.2912614643573761,0.16688218712806702,0.001,-88.01677703857422,0.27140085214376447,-88.40832931518554,0.42,0.4807987289354205,-89.54821279907226,135576,-86.7934799194336
138146,296,500.0,500.0,158,871,0.18102379143238068,0.08981231600046158,0.001,-90.79066467285156,0.2629751573204994,-88.73428701782227,0.412,0.44436610556393863,-89.8177444152832,137576,-90.04484558105469
140146,300,500.0,500.0,158,883,0.29293471574783325,0.13244713842868805,0.001,-90.94039154052734,0.2613000342845917,-89.08171667480468,0.404,0.3191186137124896,-90.13736856079102,139576,-89.7569351196289
142146,304,500.0,500.0,158,896,0.34042781591415405,0.09561605751514435,0.001,-91.44749450683594,0.2558070099055767,-89.23688873291016,0.396,0.36075119163095953,-90.24988446044922,141576,-90.09940338134766
144146,308,500.0,500.0,158,909,0.31370049715042114,0.23787441849708557,0.001,-89.33654022216797,0.2598123899102211,-89.48234747314453,0.388,0.2676974482014775,-90.49041973876953,143576,-88.119384765625
146146,312,500.0,500.0,158,921,0.31218546628952026,0.20366504788398743,0.001,-91.39352416992188,0.2663074282407761,-89.87402151489258,0.38,0.33967631324380637,-90.8859895324707,145576,-90.20722198486328
148146,316,500.0,500.0,158,934,0.2695111334323883,0.11761511862277985,0.001,-90.50657653808594,0.2570424833893776,-89.96176104736328,0.372,0.18975888269022106,-90.91795919799804,147576,-89.50399780273438
150146,320,500.0,500.0,158,947,0.2345602810382843,0.6937007904052734,0.001,-88.08308410644531,0.25725591331720354,-90.09792715454101,0.364,0.369441784247756,-91.03433874511718,149576,-87.22928619384766
152146,324,500.0,500.0,158,959,0.23435430228710175,0.1144862025976181,0.001,-90.7125015258789,0.2623019415140152,-90.5019189453125,0.356,0.20458718983083962,-91.43571371459961,151576,-89.8781967163086
154146,328,500.0,500.0,158,972,0.23559249937534332,0.29993391036987305,0.001,-91.59521484375,0.31993079417943954,-91.76688208007812,0.348,0.3557674685567617,-92.88024136352539,153576,-90.77535247802734
156146,332,500.0,500.0,158,985,0.2366826981306076,0.057608965784311295,0.001,-95.52428436279297,0.26211438059806824,-92.15598324584961,0.34,0.31047950679808856,-93.04717211914063,155576,-94.71956634521484
158146,336,500.0,500.0,158,998,0.2677064538002014,0.1922440528869629,0.001,-94.19041442871094,0.2584067838191986,-91.9706392211914,0.332,0.4773488076850772,-92.82854974365235,157576,-93.30162811279297
160146,340,500.0,500.0,158,1010,0.2921264171600342,0.1445845067501068,0.001,-91.66539001464844,0.26208856648206713,-91.8457894897461,0.324,0.5252746326699853,-92.69495651245117,159576,-90.71890258789062
162146,344,500.0,500.0,158,1023,0.33021384477615356,0.09993944317102432,0.001,-91.01386260986328,0.26094793951511386,-91.25481652832032,0.316,0.5379834715127945,-92.07941201782226,161576,-89.97039031982422
164146,348,500.0,500.0,158,1036,0.31731393933296204,0.18954062461853027,0.001,-88.82774353027344,0.2666050744652748,-91.2959345703125,0.308,0.5103110920935869,-92.11707809448242,163576,-87.85041809082031
166146,352,500.0,500.0,158,1048,0.2497723549604416,0.07248792052268982,0.001,-93.02159881591797,0.29374994176626207,-91.44961972045898,0.3,0.6313406778126955,-92.33086947631836,165576,-92.27228546142578
168146,356,500.0,500.0,158,1061,0.2315509021282196,0.22648906707763672,0.001,-91.05050659179688,0.27517190539836883,-91.48688018798828,0.292,0.4346333164125681,-92.29038217163085,167576,-90.37437438964844
170146,360,500.0,500.0,158,1074,0.21000783145427704,0.18611422181129456,0.001,-92.74237823486328,0.26946629923582077,-91.94675936889648,0.284,0.5857676302790642,-92.71204351806641,169576,-92.14595794677734
172146,364,500.0,500.0,158,1086,0.29874974489212036,0.4632367491722107,0.001,-92.88713836669922,0.25675289845466615,-91.66173651123047,0.276,0.27231844038143754,-92.37037469482422,171576,-92.06259155273438
174146,368,500.0,500.0,158,1099,0.2724863588809967,0.8430174589157104,0.001,-93.50980377197266,0.2801364145874977,-91.87147814941406,0.268,0.36444844511151314,-92.62224371337891,173576,-92.779541015625
176146,372,500.0,500.0,158,1112,0.25903356075286865,0.09910012036561966,0.001,-94.23562622070312,0.25514722752571106,-92.04679788208009,0.26,0.2601047960743308,-92.7101808166504,175576,-93.56214141845703
178146,376,500.0,500.0,158,1124,0.3124752640724182,0.07068516314029694,0.001,-93.22343444824219,0.2594586993455887,-92.20006158447265,0.252,0.2843406064100564,-92.85389739990234,177576,-92.43599700927734
180146,380,500.0,500.0,158,1137,0.22422939538955688,0.6094954013824463,0.001,-92.53742980957031,0.26078201878070834,-92.1653288269043,0.244,0.33066619603335856,-92.80163705444336,179576,-91.99031066894531
182146,384,500.0,500.0,158,1150,0.22233405709266663,0.09225265681743622,0.001,-92.98749542236328,0.267845513522625,-92.29109814453125,0.236,0.3049181739538908,-92.92321340942382,181576,-92.46278381347656
184146,388,500.0,500.0,158,1162,0.2966674268245697,0.055286020040512085,0.001,-92.01898193359375,0.2661618682742119,-92.27297552490235,0.228,0.16702340195327997,-92.8798243408203,183576,-91.34258270263672
186146,392,500.0,500.0,158,1175,0.29746851325035095,0.062299806624650955,0.001,-93.06661987304688,0.2689461836218834,-92.53267178344727,0.22,0.14492876056954265,-93.12435348510742,185576,-92.41218566894531
187999,396,498.53,498.53,158,1187,0.24557483196258545,0.1530275046825409,0.001,-93.0692367553711,0.277997409760952,-92.74254632568359,0.212,0.5036454652324319,-93.33190090942382,187576,-92.54861450195312
189999,400,498.53,498.53,158,1199,0.24556586146354675,0.08707252144813538,0.001,-94.0208511352539,0.27059811013936996,-92.46306582641601,0.204,0.3981620147451758,-93.01508581542969,189429,-93.5198974609375
191999,404,498.53,498.53,158,1212,0.23331043124198914,0.2712477147579193,0.001,-92.83964538574219,0.26101909321546557,-92.64257940673828,0.196,0.2585703631415963,-93.15417669677734,191429,-92.38235473632812
193999,408,498.53,498.53,158,1224,0.23065540194511414,0.125407412648201,0.001,-93.30552673339844,0.2794763300418854,-92.54597592163086,0.188,0.2786016868911684,-93.07139132690429,193429,-92.87189483642578
195999,412,498.53,498.53,158,1237,0.24730710685253143,0.25291338562965393,0.001,-93.54927825927734,0.27371766543388365,-92.44935494995117,0.18,0.45305893693119287,-92.94204684448242,195429,-93.1041259765625
197999,416,498.53,498.53,158,1250,0.22150060534477234,0.13950344920158386,0.001,-93.4381103515625,0.2850857464671135,-92.5897568359375,0.172,0.33520228739082814,-93.0801044921875,197429,-93.05712890625
199999,420,498.53,498.53,158,1262,0.23509593307971954,0.12840799987316132,0.001,-92.79673767089844,0.30718252021074294,-92.96886465454102,0.164,0.345572152774781,-93.47264385986328,199429,-92.41117858886719
201999,424,498.53,498.53,158,1275,0.3207085430622101,0.11401417851448059,0.001,-94.85138702392578,0.28618707770109175,-93.50178842163086,0.156,0.16872650398313999,-93.94824002075195,201429,-94.35108184814453
203999,428,498.53,498.53,158,1287,0.3610366880893707,0.6268812417984009,0.001,-94.58277893066406,0.32311516934633255,-93.77003567504883,0.148,0.6349348175153137,-94.24824600219726,203429,-94.04844665527344
205999,432,498.53,498.53,158,1300,0.4572449326515198,0.1591205596923828,0.001,-95.43390655517578,0.3764572150707245,-94.16824621582032,0.14,0.32046902502328156,-94.69528625488282,205429,-94.79376220703125
207999,436,498.53,498.53,158,1313,0.35189002752304077,0.15594322979450226,0.001,-94.4911117553711,0.2899566724300385,-94.51511447143555,0.132,0.4351755745485425,-94.8978571472168,207429,-94.02661895751953
208067,440,479.21,479.21,158,1316,0.4082298278808594,0.07252618670463562,0.001,-94.21955871582031,0.3907913714647293,-94.97897434234619,0.124,0.13693314352456262,-95.46355438232422,207977,-93.7133560180664
210067,444,479.21,479.21,158,1326,0.35314804315567017,0.047604821622371674,0.001,-95.1739273071289,0.29317215526103974,-94.58211596679688,0.116,0.5099814878106117,-94.92219570922852,209497,-94.76427459716797
212067,448,479.21,479.21,158,1338,0.2902757525444031,0.06458630412817001,0.001,-93.32939147949219,0.30060061943531036,-94.76203057861328,0.108,0.5333787842914463,-95.08667907714843,211497,-93.0158920288086
214067,452,479.21,479.21,158,1351,0.3040219843387604,0.04365260899066925,0.001,-95.29017639160156,0.27428956991434095,-94.9518561706543,0.1,0.6062337413541973,-95.22614569091797,213497,-94.98615264892578
216067,456,479.21,479.21,158,1363,0.30407798290252686,0.46453967690467834,0.001,-94.37609100341797,0.2888199001550674,-95.05096951293946,0.092,0.7126514783352613,-95.31668380737305,215497,-94.0963363647461
218067,460,479.21,479.21,158,1376,0.28124570846557617,0.1880352944135666,0.001,-94.99275970458984,0.30674606519937514,-94.95148608398438,0.084,0.4948513465300202,-95.2091524963379,217497,-94.75651550292969
219914,464,477.68,477.68,158,1388,0.24431970715522766,0.09582953155040741,0.001,-95.57122802734375,0.4043091093671733,-95.21051972487876,0.076,0.45992337271399386,-95.51779481734353,219344,-95.38554382324219
221914,468,477.68,477.68,158,1400,0.2940578758716583,0.14280939102172852,0.001,-94.02759552001953,0.33355481815338134,-95.0877628479004,0.068,0.4059255199059844,-95.31458020019531,221344,-93.82763671875
222447,472,463.01,463.01,158,1407,1.248209834098816,0.29466530680656433,0.001,-96.74267578125,1.1805252234141033,-96.02712758382161,0.06,0.40879760061701137,-96.73544184366862,222367,-95.9937515258789
222489,476,443.43,443.43,158,1407,1.212319254875183,0.18927842378616333,0.001,-96.69312286376953,1.1407336950302125,-96.48306579589844,0.052,0.29065374623645435,-97.07624664306641,222407,-96.06271362304688
224489,480,443.43,443.43,158,1417,0.23977893590927124,0.0938870906829834,0.001,-96.04915618896484,0.2967515648007393,-95.2028494567871,0.044,0.6385822645574808,-95.33342013549805,223919,-95.94365692138672
226489,484,443.43,443.43,158,1429,0.38462987542152405,1.8794138431549072,0.001,-95.39458465576172,0.37956536215543746,-95.01048217773437,0.036,0.5301536025479436,-95.14712594604492,225919,-95.25611877441406
228489,488,443.43,443.43,158,1442,0.634938657283783,0.5468448400497437,0.001,-92.97904968261719,0.39675392347574234,-95.15331173706055,0.028,0.3683218129426241,-95.26440264892578,227919,-92.80126953125
230489,492,443.43,443.43,158,1455,1.0222423076629639,0.32081300020217896,0.001,-95.8359146118164,1.0908960857391357,-95.62825390625,0.02,0.9666951567828656,-95.84643286132813,229919,-95.6314697265625
232489,496,444.9,444.9,158,1467,0.8896782994270325,0.39065369963645935,0.001,-95.72352600097656,0.9900487651824951,-95.55818923950196,0.012,0.5527451983392239,-95.67699496459961,231919,-95.61676788330078
234366,500,443.67,443.67,158,1480,0.5775558352470398,0.14559021592140198,0.001,-95.20271301269531,0.7632350542545319,-95.03414450073242,0.004,0.5021552552133799,-95.06467391967773,233919,-95.17961120605469
236366,504,443.67,443.67,158,1492,0.9973316192626953,0.3733544945716858,0.001,-95.81057739257812,0.9662022066116333,-95.3826549987793,0,1.1249860786795616,-95.3826549987793,235796,-95.81057739257812
238366,508,443.67,443.67,158,1504,0.7781252861022949,0.1524592638015747,0.001,-94.5036392211914,0.959979160785675,-95.12047854614258,0,0.34749347510188816,-95.12047854614258,237796,-94.5036392211914
239109,512,431.1,431.1,158,1510,0.8874276280403137,0.20095759630203247,0.001,-91.68672943115234,0.959533625259632,-95.04589620450648,0,0.6099903297769588,-95.04589620450648,238872,-91.68672943115234
239841,516,418.42,418.42,158,1514,0.7587620615959167,0.19354531168937683,0.001,-94.52222442626953,0.8036314260959625,-94.7424388885498,0,1.5327732177145446,-94.7424388885498,239567,-94.52222442626953
241577,520,415.78,415.78,158,1523,0.7446801066398621,0.15255586802959442,0.001,-92.62923431396484,0.8401762156486511,-94.78840768432617,0,0.8509939220175147,-94.78840768432617,241007,-92.62923431396484
243577,524,415.78,415.78,158,1535,0.7990643382072449,0.10281655937433243,0.001,-92.73049926757812,0.9253759956359864,-94.73946823120117,0,0.75210136346519,-94.73946823120117,243007,-92.73049926757812
245577,528,415.78,415.78,158,1548,0.57432621717453,0.21954955160617828,0.001,-93.3959732055664,0.6570231525897979,-94.75151721191406,0,0.9258681730479001,-94.75151721191406,245007,-93.3959732055664
247577,532,415.78,415.78,158,1560,0.3400433361530304,0.30606916546821594,0.001,-93.93527221679688,0.4090162689685822,-94.81273324584961,0,0.989918743826449,-94.81273324584961,247007,-93.93527221679688
249577,536,415.78,415.78,158,1572,0.29922598600387573,0.7263909578323364,0.001,-95.78484344482422,0.41999848651885985,-94.80202590942383,0,0.6285753612220287,-94.80202590942383,249007,-95.78484344482422
251577,540,435.1,435.1,158,1584,0.7721439003944397,0.13357922434806824,0.001,-94.0597915649414,0.5366789683103561,-94.87732507324219,0,0.9069956640899182,-94.87732507324219,251007,-94.0597915649414
253577,544,435.1,435.1,158,1596,0.3216627538204193,0.07783707231283188,0.001,-95.33722686767578,0.3778046407699585,-94.54963598632813,0,1.1910994550585747,-94.54963598632813,253007,-95.33722686767578
255577,548,435.1,435.1,158,1608,0.3679579496383667,0.14243167638778687,0.001,-94.6791763305664,0.40607654094696044,-94.6518949584961,0,0.5697466596253217,-94.6518949584961,255007,-94.6791763305664
257577,552,435.1,435.1,158,1620,0.31464454531669617,0.16133728623390198,0.001,-95.62920379638672,0.38767780911922456,-94.60687930297851,0,0.2515874625891447,-94.60687930297851,257007,-95.62920379638672
259577,556,435.1,435.1,158,1632,0.4638647437095642,0.06460883468389511,0.001,-95.4619140625,0.3845291368365288,-94.67889471435547,0,0.4953329704105854,-94.67889471435547,259007,-95.4619140625
261577,560,435.1,435.1,159,1645,0.4382602572441101,0.08012193441390991,0.001,-95.0295181274414,0.3490823102593422,-95.05756051635743,0,0.3854980962499976,-95.05756051635743,261007,-95.0295181274414
263577,564,436.63,436.63,159,1657,0.34434419870376587,0.05997386574745178,0.001,-93.3736343383789,0.36107250982522965,-94.91998327636719,0,0.6711144532188773,-94.91998327636719,263007,-93.3736343383789
265577,568,436.63,436.63,159,1669,0.27295631170272827,0.10893137753009796,0.001,-94.71109771728516,0.32669224572181704,-94.87327319335938,0,0.7503557387143374,-94.87327319335938,265007,-94.71109771728516
267050,572,446.03,446.03,158,1679,0.3065395951271057,0.45499369502067566,0.001,-94.1821060180664,0.40279356877391154,-94.66347665053148,0,0.5091560810553626,-94.66347665053148,266715,-94.1821060180664
267762,576,452.73,452.73,158,1684,0.39619743824005127,0.6172584295272827,0.001,-95.19065856933594,0.44662617484728495,-94.66572082519531,0,1.2495097488464926,-94.66572082519531,267508,-95.19065856933594
269493,580,450.04,450.04,159,1693,0.39104247093200684,0.10519670695066452,0.001,-95.2943115234375,0.36982945203781126,-94.4212543334961,0,0.7444055621847511,-94.4212543334961,268923,-95.2943115234375
271493,584,450.04,450.04,159,1705,0.36647337675094604,0.09463450312614441,0.001,-95.84730529785156,0.37116998761892317,-94.4929995727539,0,0.6223575096204876,-94.4929995727539,270923,-95.84730529785156
273493,588,450.04,450.04,159,1717,0.36442649364471436,0.17413313686847687,0.001,-95.52333068847656,0.3705692549943924,-94.93702493286133,0,0.3485201669856906,-94.93702493286133,272923,-95.52333068847656
275493,592,450.04,450.04,159,1729,0.3042545020580292,0.08258818089962006,0.001,-94.53411865234375,0.3629597645998001,-94.9779921875,0,0.1369008130840957,-94.9779921875,274923,-94.53411865234375
277493,596,450.04,450.04,159,1741,0.9533171057701111,0.22605402767658234,0.001,-93.1485366821289,0.46154728972911835,-95.1497502746582,0,1.1900726511254907,-95.1497502746582,276923,-93.1485366821289
279493,600,451.27,451.27,159,1753,0.6835619211196899,0.07401397824287415,0.001,-96.15889739990234,0.6712232679128647,-95.31591571044922,0,0.3830600461140275,-95.31591571044922,278923,-96.15889739990234
281493,604,451.27,451.27,159,1766,0.4777091443538666,0.12984170019626617,0.001,-95.10296630859375,0.562726299405098,-95.1429567565918,0,0.7904438849538564,-95.1429567565918,280923,-95.10296630859375
283493,608,451.27,451.27,159,1778,0.5178002715110779,0.1840144693851471,0.001,-94.53044891357422,0.5802448354959487,-95.34525430297852,0,0.5679546129778028,-95.34525430297852,282923,-94.53044891357422
285493,612,463.84,463.84,159,1790,0.6009003520011902,0.04027346894145012,0.001,-97.07013702392578,0.44219882678985595,-95.78120120239258,0,0.6495668756291271,-95.78120120239258,284923,-97.07013702392578
287493,616,476.52,476.52,159,1802,0.3572571575641632,0.023023419082164764,0.001,-95.85443115234375,0.41070955502986906,-95.73698904418946,0,0.24051716700568795,-95.73698904418946,286923,-95.85443115234375
289493,620,479.16,479.16,159,1814,0.49966707825660706,0.056695736944675446,0.001,-95.82347106933594,0.5356063997745514,-95.64676583862305,0,0.6724221242368221,-95.64676583862305,288923,-95.82347106933594
291493,624,479.16,479.16,159,1826,0.4090777635574341,0.30572283267974854,0.001,-95.00392150878906,0.4871730445623398,-95.39827212524413,0,0.5208304123282432,-95.39827212524413,290923,-95.00392150878906
293108,628,475.31,475.31,159,1836,0.4699545204639435,0.07182189077138901,0.001,-96.93755340576172,0.4082352771759033,-95.35957559204101,0,0.44723280388861897,-95.35957559204101,292538,-96.93755340576172
295108,632,475.31,475.31,159,1848,0.33995768427848816,0.0928008034825325,0.001,-95.95951843261719,0.5335352716445922,-95.2559765625,0,0.5843990640714765,-95.2559765625,294538,-95.95951843261719
297108,636,475.31,475.31,159,1861,0.5031917095184326,0.07790639251470566,0.001,-95.50457000732422,0.5238938338756561,-95.23988275146485,0,0.2957833593711257,-95.23988275146485,296538,-95.50457000732422
299108,640,475.31,475.31,159,1873,0.5660656690597534,0.18154191970825195,0.001,-96.025390625,0.7170822966098785,-95.54978588867188,0,0.7117371112033725,-95.54978588867188,298538,-96.025390625
